Workbook
Name _03_06_2024: 'Engagement Summary'!$A$3:$A$201
Name _15_06_2024: 'Campaign Metadata'!$B$3:$B$5
Name _15_07_2024: 'Campaign Metadata'!$C$3:$C$5
Name _23_12_2024: 'Task 1'!$C$3:$C$340
Name AnytimeIsTeslaTime: 'Task 1'!#REF!
Name Check_out_our_latest_reel_on_twitter: 'Task 1'!$E$3:$E$340
Name CybertruckLaunch: 'Campaign Metadata'!$A$3:$A$5
Name CybertruckLaunch: 'Task 1'!$M$3:$M$340
Name EVRevolution__TeslaCoInnovation: 'Campaign Metadata'!$G$3:$G$5
Name FutureOfDriving: 'Task 1'!#REF!
Name Instagram: 'Engagement Summary'!$B$3:$B$201
Name Instagram_Facebook: 'Campaign Metadata'!$F$3:$F$5
Name P001_: 'Task 1'!$A$3:$A$340
Name Product_Awareness: 'Campaign Metadata'!$D$3:$D$5
Name Reel: 'Task 1'!$D$3:$D$340
Name Slicer_Platform: #N/A
Name Slicer_Platform1: #N/A
Name Slicer_Platform2: #N/A
Name Slicer_Platform3: #N/A
Name Twitter: 'Task 1'!$B$3:$B$340

Sheet Post
A1: Post ID | B1: Platform | C1: Date | D1: Content Type | E1: Post Text | F1: Likes | G1: Shares | H1: Comments | I1: Impressions | J1: Reach | K1: Clicks | L1: Hashtags Used | M1: Campaign_Name | N1: Engagement Rate | O1: Content Objective | P1: Campaign Period
A2: P105 | B2: Instagram | C2: 45457 | D2: Carousel | E2: Check out our latest carousel on instagram! | F2: 498 | G2: 38 | H2: 42 | I2: 4482 | J2: 3647 | K2: 32 | L2: #FutureOfDriving | M2: CybertruckLaunch | N2: =(Posts1116[[#This Row],[Likes]]+Posts1116[[#This Row],[Shares]]+Posts1116[[#This Row],[Comments]])/Posts1116[[#This Row],[Impressions]] -> 0.12896029 | O2: =_xlfn.XLOOKUP(Posts1116[[#This Row],[Campaign_Name]],Campaign_Metadata[Campaign_Name],Campaign_Metadata[Objective]) -> Product Awareness | P2: =IF(AND(Posts1116[[#This Row],[Date]]>=DATE(2024,6,15), Posts1116[[#This Row],[Date]]<=DATE(2024,7,15)),"During", "Before") -> Before
A3: P123 | B3: Instagram | C3: 45457 | D3: Story | E3: Check out our latest story on instagram! | F3: 4363 | G3: 649 | H3: 140 | I3: 21815 | J3: 21481 | K3: 157 | L3: #EVRevolution | M3: CybertruckLaunch | N3: =(Posts1116[[#This Row],[Likes]]+Posts1116[[#This Row],[Shares]]+Posts1116[[#This Row],[Comments]])/Posts1116[[#This Row],[Impressions]] -> 0.23616777 | O3: =_xlfn.XLOOKUP(Posts1116[[#This Row],[Campaign_Name]],Campaign_Metadata[Campaign_Name],Campaign_Metadata[Objective]) -> Product Awareness | P3: =IF(AND(Posts1116[[#This Row],[Date]]>=DATE(2024,6,15), Posts1116[[#This Row],[Date]]<=DATE(2024,7,15)),"During", "Before") -> Before
A4: P149 | B4: Twitter | C4: 45459 | D4: Video | E4: Check out our latest video on twitter! | F4: 1702 | G4: 750 | H4: 179 | I4: 34040 | J4: 33174 | K4: 76 | L4: #EVRevolution | M4: CybertruckLaunch | N4: =(Posts1116[[#This Row],[Likes]]+Posts1116[[#This Row],[Shares]]+Posts1116[[#This Row],[Comments]])/Posts1116[[#This Row],[Impressions]] -> 0.077291422 | O4: =_xlfn.XLOOKUP(Posts1116[[#This Row],[Campaign_Name]],Campaign_Metadata[Campaign_Name],Campaign_Metadata[Objective]) -> Product Awareness | P4: =IF(AND(Posts1116[[#This Row],[Date]]>=DATE(2024,6,15), Posts1116[[#This Row],[Date]]<=DATE(2024,7,15)),"During", "Before") -> During
A5: P176 | B5: Facebook | C5: 45463 | D5: Video | E5: Check out our latest video on facebook! | F5: 3798 | G5: 31 | H5: 279 | I5: 75960 | J5: 75813 | K5: 266 | L5: #TeslaCoInnovation | M5: CybertruckLaunch | N5: =(Posts1116[[#This Row],[Likes]]+Posts1116[[#This Row],[Shares]]+Posts1116[[#This Row],[Comments]])/Posts1116[[#This Row],[Impressions]] -> 0.054081095 | O5: =_xlfn.XLOOKUP(Posts1116[[#This Row],[Campaign_Name]],Campaign_Metadata[Campaign_Name],Campaign_Metadata[Objective]) -> Product Awareness | P5: =IF(AND(Posts1116[[#This Row],[Date]]>=DATE(2024,6,15), Posts1116[[#This Row],[Date]]<=DATE(2024,7,15)),"During", "Before") -> During
A6: P206 | B6: Twitter | C6: 45467 | D6: Text | E6: Check out our latest text on twitter! | F6: 941 | G6: 121 | H6: 458 | I6: 14115 | J6: 13838 | K6: 87 | L6: #EVRevolution | M6: CybertruckLaunch | N6: =(Posts1116[[#This Row],[Likes]]+Posts1116[[#This Row],[Shares]]+Posts1116[[#This Row],[Comments]])/Posts1116[[#This Row],[Impressions]] -> 0.10768686 | O6: =_xlfn.XLOOKUP(Posts1116[[#This Row],[Campaign_Name]],Campaign_Metadata[Campaign_Name],Campaign_Metadata[Objective]) -> Product Awareness | P6: =IF(AND(Posts1116[[#This Row],[Date]]>=DATE(2024,6,15), Posts1116[[#This Row],[Date]]<=DATE(2024,7,15)),"During", "Before") -> During
A7: P005 | B7: YouTube | C7: 45469 | D7: Reel | E7: Check out our latest reel on youtube! | F7: 3557 | G7: 687 | H7: 424 | I7: 71140 | J7: 70701 | K7: 224 | L7: #EVRevolution | M7: CybertruckLaunch | N7: =(Posts1116[[#This Row],[Likes]]+Posts1116[[#This Row],[Shares]]+Posts1116[[#This Row],[Comments]])/Posts1116[[#This Row],[Impressions]] -> 0.065617093 | O7: =_xlfn.XLOOKUP(Posts1116[[#This Row],[Campaign_Name]],Campaign_Metadata[Campaign_Name],Campaign_Metadata[Objective]) -> Product Awareness | P7: =IF(AND(Posts1116[[#This Row],[Date]]>=DATE(2024,6,15), Posts1116[[#This Row],[Date]]<=DATE(2024,7,15)),"During", "Before") -> During
A8: P005 | B8: YouTube | C8: 45469 | D8: Reel | E8: Check out our latest reel on youtube! | F8: 3557 | G8: 687 | H8: 424 | I8: 71140 | J8: 70701 | K8: 224 | L8: #TeslaCoInnovation | M8: CybertruckLaunch | N8: =(Posts1116[[#This Row],[Likes]]+Posts1116[[#This Row],[Shares]]+Posts1116[[#This Row],[Comments]])/Posts1116[[#This Row],[Impressions]] -> 0.065617093 | O8: =_xlfn.XLOOKUP(Posts1116[[#This Row],[Campaign_Name]],Campaign_Metadata[Campaign_Name],Campaign_Metadata[Objective]) -> Product Awareness | P8: =IF(AND(Posts1116[[#This Row],[Date]]>=DATE(2024,6,15), Posts1116[[#This Row],[Date]]<=DATE(2024,7,15)),"During", "Before") -> During
A9: P228 | B9: Instagram | C9: 45474 | D9: Story | E9: Check out our latest story on instagram! | F9: 4808 | G9: 772 | H9: 320 | I9: 72120 | J9: 71696 | K9: 195 | L9: #EVRevolution | M9: CybertruckLaunch | N9: =(Posts1116[[#This Row],[Likes]]+Posts1116[[#This Row],[Shares]]+Posts1116[[#This Row],[Comments]])/Posts1116[[#This Row],[Impressions]] -> 0.081808098 | O9: =_xlfn.XLOOKUP(Posts1116[[#This Row],[Campaign_Name]],Campaign_Metadata[Campaign_Name],Campaign_Metadata[Objective]) -> Product Awareness | P9: =IF(AND(Posts1116[[#This Row],[Date]]>=DATE(2024,6,15), Posts1116[[#This Row],[Date]]<=DATE(2024,7,15)),"During", "Before") -> During
A10: P066 | B10: Twitter | C10: 45499 | D10: Carousel | E10: Check out our latest carousel on twitter! | F10: 432 | G10: 171 | H10: 280 | I10: 3024 | J10: 2285 | K10: 184 | L10: #EVRevolution | M10: CybertruckLaunch | N10: =(Posts1116[[#This Row],[Likes]]+Posts1116[[#This Row],[Shares]]+Posts1116[[#This Row],[Comments]])/Posts1116[[#This Row],[Impressions]] -> 0.29199735 | O10: =_xlfn.XLOOKUP(Posts1116[[#This Row],[Campaign_Name]],Campaign_Metadata[Campaign_Name],Campaign_Metadata[Objective]) -> Product Awareness | P10: =IF(AND(Posts1116[[#This Row],[Date]]>=DATE(2024,6,15), Posts1116[[#This Row],[Date]]<=DATE(2024,7,15)),"During", "Before") -> Before
A11: P151 | B11: Instagram | C11: 45499 | D11: Image | E11: Check out our latest image on instagram! | F11: 3559 | G11: 59 | H11: 289 | I11: 35590 | J11: 35105 | K11: 122 | L11: #EVRevolution | M11: CybertruckLaunch | N11: =(Posts1116[[#This Row],[Likes]]+Posts1116[[#This Row],[Shares]]+Posts1116[[#This Row],[Comments]])/Posts1116[[#This Row],[Impressions]] -> 0.10977803 | O11: =_xlfn.XLOOKUP(Posts1116[[#This Row],[Campaign_Name]],Campaign_Metadata[Campaign_Name],Campaign_Metadata[Objective]) -> Product Awareness | P11: =IF(AND(Posts1116[[#This Row],[Date]]>=DATE(2024,6,15), Posts1116[[#This Row],[Date]]<=DATE(2024,7,15)),"During", "Before") -> Before
A12: P184 | B12: Twitter | C12: 45501 | D12: Image | E12: Check out our latest image on twitter! | F12: 3215 | G12: 960 | H12: 202 | I12: 32150 | J12: 31404 | K12: 251 | L12: #EVRevolution | M12: CybertruckLaunch | N12: =(Posts1116[[#This Row],[Likes]]+Posts1116[[#This Row],[Shares]]+Posts1116[[#This Row],[Comments]])/Posts1116[[#This Row],[Impressions]] -> 0.13614308 | O12: =_xlfn.XLOOKUP(Posts1116[[#This Row],[Campaign_Name]],Campaign_Metadata[Campaign_Name],Campaign_Metadata[Objective]) -> Product Awareness | P12: =IF(AND(Posts1116[[#This Row],[Date]]>=DATE(2024,6,15), Posts1116[[#This Row],[Date]]<=DATE(2024,7,15)),"During", "Before") -> Before
A13: P032 | B13: Twitter | C13: 45504 | D13: Carousel | E13: Check out our latest carousel on twitter! | F13: 2278 | G13: 10 | H13: 321 | I13: 13668 | J13: 12676 | K13: 275 | L13: #EVRevolution | M13: CybertruckLaunch | N13: =(Posts1116[[#This Row],[Likes]]+Posts1116[[#This Row],[Shares]]+Posts1116[[#This Row],[Comments]])/Posts1116[[#This Row],[Impressions]] -> 0.19088382 | O13: =_xlfn.XLOOKUP(Posts1116[[#This Row],[Campaign_Name]],Campaign_Metadata[Campaign_Name],Campaign_Metadata[Objective]) -> Product Awareness | P13: =IF(AND(Posts1116[[#This Row],[Date]]>=DATE(2024,6,15), Posts1116[[#This Row],[Date]]<=DATE(2024,7,15)),"During", "Before") -> Before
... A279: P115 | B279: Twitter | C279: 45788 | D279: Image | E279: Check out our latest image on twitter! | F279: 2493 | G279: 97 | H279: 44 | I279: 42381 | J279: 41991 | K279: 242 | L279: #AnytimeIsTeslaTime | M279: SustainabilityDrive | N279: =(Posts1116[[#This Row],[Likes]]+Posts1116[[#This Row],[Shares]]+Posts1116[[#This Row],[Comments]])/Posts1116[[#This Row],[Impressions]] -> 0.062150492 | O279: =_xlfn.XLOOKUP(Posts1116[[#This Row],[Campaign_Name]],Campaign_Metadata[Campaign_Name],Campaign_Metadata[Objective]) -> Community Growth | P279: =IF(AND(Posts1116[[#This Row],[Date]]>=DATE(2024,6,15), Posts1116[[#This Row],[Date]]<=DATE(2024,7,15)),"During", "Before") -> Before
A280: P234 | B280: Facebook | C280: 45444 | D280: Text | E280: Check out our latest text on facebook! | F280: 1272 | G280: 465 | H280: 99 | I280: 24168 | J280: 23719 | K280: 42 | L280: #TeslaCoInnovation | N280: =(Posts1116[[#This Row],[Likes]]+Posts1116[[#This Row],[Shares]]+Posts1116[[#This Row],[Comments]])/Posts1116[[#This Row],[Impressions]] -> 0.075968222 | O280: =_xlfn.XLOOKUP(Posts1116[[#This Row],[Campaign_Name]],Campaign_Metadata[Campaign_Name],Campaign_Metadata[Objective]) -> #N/A | P280: =IF(AND(Posts1116[[#This Row],[Date]]>=DATE(2024,6,15), Posts1116[[#This Row],[Date]]<=DATE(2024,7,15)),"During", "Before") -> Before
A281: P220 | B281: Instagram | C281: 45445 | D281: Story | E281: Check out our latest story on instagram! | F281: 84 | G281: 897 | H281: 85 | I281: 588 | J281: 8 | K281: 12 | L281: #EVRevolution | N281: =(Posts1116[[#This Row],[Likes]]+Posts1116[[#This Row],[Shares]]+Posts1116[[#This Row],[Comments]])/Posts1116[[#This Row],[Impressions]] -> 1.8129252 | O281: =_xlfn.XLOOKUP(Posts1116[[#This Row],[Campaign_Name]],Campaign_Metadata[Campaign_Name],Campaign_Metadata[Objective]) -> #N/A | P281: =IF(AND(Posts1116[[#This Row],[Date]]>=DATE(2024,6,15), Posts1116[[#This Row],[Date]]<=DATE(2024,7,15)),"During", "Before") -> Before
A282: P146 | B282: YouTube | C282: 45448 | D282: Reel | E282: Check out our latest reel on youtube! | F282: 3065 | G282: 772 | H282: 142 | I282: 18390 | J282: 17875 | K282: 200 | L282: #EVRevolution | N282: =(Posts1116[[#This Row],[Likes]]+Posts1116[[#This Row],[Shares]]+Posts1116[[#This Row],[Comments]])/Posts1116[[#This Row],[Impressions]] -> 0.21636759 | O282: =_xlfn.XLOOKUP(Posts1116[[#This Row],[Campaign_Name]],Campaign_Metadata[Campaign_Name],Campaign_Metadata[Objective]) -> #N/A | P282: =IF(AND(Posts1116[[#This Row],[Date]]>=DATE(2024,6,15), Posts1116[[#This Row],[Date]]<=DATE(2024,7,15)),"During", "Before") -> Before
A283: P146 | B283: YouTube | C283: 45448 | D283: Reel | E283: Check out our latest reel on youtube! | F283: 3065 | G283: 772 | H283: 142 | I283: 18390 | J283: 17875 | K283: 200 | L283: #AnytimeIsTeslaTime | N283: =(Posts1116[[#This Row],[Likes]]+Posts1116[[#This Row],[Shares]]+Posts1116[[#This Row],[Comments]])/Posts1116[[#This Row],[Impressions]] -> 0.21636759 | O283: =_xlfn.XLOOKUP(Posts1116[[#This Row],[Campaign_Name]],Campaign_Metadata[Campaign_Name],Campaign_Metadata[Objective]) -> #N/A | P283: =IF(AND(Posts1116[[#This Row],[Date]]>=DATE(2024,6,15), Posts1116[[#This Row],[Date]]<=DATE(2024,7,15)),"During", "Before") -> Before
A284: P080 | B284: Instagram | C284: 45456 | D284: Story | E284: Check out our latest story on instagram! | F284: 2103 | G284: 892 | H284: 103 | I284: 39957 | J284: 39466 | K284: 28 | L284: #FutureOfDriving | N284: =(Posts1116[[#This Row],[Likes]]+Posts1116[[#This Row],[Shares]]+Posts1116[[#This Row],[Comments]])/Posts1116[[#This Row],[Impressions]] -> 0.077533348 | O284: =_xlfn.XLOOKUP(Posts1116[[#This Row],[Campaign_Name]],Campaign_Metadata[Campaign_Name],Campaign_Metadata[Objective]) -> #N/A | P284: =IF(AND(Posts1116[[#This Row],[Date]]>=DATE(2024,6,15), Posts1116[[#This Row],[Date]]<=DATE(2024,7,15)),"During", "Before") -> Before
A285: P225 | B285: Twitter | C285: 45463 | D285: Carousel | E285: Check out our latest carousel on twitter! | F285: 4672 | G285: 325 | H285: 32 | I285: 88768 | J285: 87833 | K285: 118 | L285: #EVRevolution | N285: =(Posts1116[[#This Row],[Likes]]+Posts1116[[#This Row],[Shares]]+Posts1116[[#This Row],[Comments]])/Posts1116[[#This Row],[Impressions]] -> 0.056653298 | O285: =_xlfn.XLOOKUP(Posts1116[[#This Row],[Campaign_Name]],Campaign_Metadata[Campaign_Name],Campaign_Metadata[Objective]) -> #N/A | P285: =IF(AND(Posts1116[[#This Row],[Date]]>=DATE(2024,6,15), Posts1116[[#This Row],[Date]]<=DATE(2024,7,15)),"During", "Before") -> During
A286: P107 | B286: YouTube | C286: 45464 | D286: Image | E286: Check out our latest image on youtube! | F286: 4832 | G286: 893 | H286: 10 | I286: 91808 | J286: 91296 | K286: 182 | L286: #TeslaCoInnovation | N286: =(Posts1116[[#This Row],[Likes]]+Posts1116[[#This Row],[Shares]]+Posts1116[[#This Row],[Comments]])/Posts1116[[#This Row],[Impressions]] -> 0.062467323 | O286: =_xlfn.XLOOKUP(Posts1116[[#This Row],[Campaign_Name]],Campaign_Metadata[Campaign_Name],Campaign_Metadata[Objective]) -> #N/A | P286: =IF(AND(Posts1116[[#This Row],[Date]]>=DATE(2024,6,15), Posts1116[[#This Row],[Date]]<=DATE(2024,7,15)),"During", "Before") -> During
A287: P059 | B287: Instagram | C287: 45465 | D287: Text | E287: Check out our latest text on instagram! | F287: 2180 | G287: 263 | H287: 387 | I287: 30520 | J287: 30059 | K287: 174 | L287: #EVRevolution | N287: =(Posts1116[[#This Row],[Likes]]+Posts1116[[#This Row],[Shares]]+Posts1116[[#This Row],[Comments]])/Posts1116[[#This Row],[Impressions]] -> 0.092726081 | O287: =_xlfn.XLOOKUP(Posts1116[[#This Row],[Campaign_Name]],Campaign_Metadata[Campaign_Name],Campaign_Metadata[Objective]) -> #N/A | P287: =IF(AND(Posts1116[[#This Row],[Date]]>=DATE(2024,6,15), Posts1116[[#This Row],[Date]]<=DATE(2024,7,15)),"During", "Before") -> During
A288: P174 | B288: Facebook | C288: 45465 | D288: Text | E288: Check out our latest text on facebook! | F288: 3828 | G288: 148 | H288: 253 | I288: 30624 | J288: 30229 | K288: 235 | L288: #EVRevolution | N288: =(Posts1116[[#This Row],[Likes]]+Posts1116[[#This Row],[Shares]]+Posts1116[[#This Row],[Comments]])/Posts1116[[#This Row],[Impressions]] -> 0.13809431 | O288: =_xlfn.XLOOKUP(Posts1116[[#This Row],[Campaign_Name]],Campaign_Metadata[Campaign_Name],Campaign_Metadata[Objective]) -> #N/A | P288: =IF(AND(Posts1116[[#This Row],[Date]]>=DATE(2024,6,15), Posts1116[[#This Row],[Date]]<=DATE(2024,7,15)),"During", "Before") -> During
A289: P250 | B289: Facebook | C289: 45465 | D289: Reel | E289: Check out our latest reel on facebook! | F289: 3813 | G289: 935 | H289: 274 | I289: 68634 | J289: 68488 | K289: 251 | L289: #FutureOfDriving | N289: =(Posts1116[[#This Row],[Likes]]+Posts1116[[#This Row],[Shares]]+Posts1116[[#This Row],[Comments]])/Posts1116[[#This Row],[Impressions]] -> 0.073170732 | O289: =_xlfn.XLOOKUP(Posts1116[[#This Row],[Campaign_Name]],Campaign_Metadata[Campaign_Name],Campaign_Metadata[Objective]) -> #N/A | P289: =IF(AND(Posts1116[[#This Row],[Date]]>=DATE(2024,6,15), Posts1116[[#This Row],[Date]]<=DATE(2024,7,15)),"During", "Before") -> During
A290: P229 | B290: Instagram | C290: 45476 | D290: Carousel | E290: Check out our latest carousel on instagram! | F290: 4799 | G290: 694 | H290: 289 | I290: 43191 | J290: 42228 | K290: 118 | L290: #TeslaCoInnovation | N290: =(Posts1116[[#This Row],[Likes]]+Posts1116[[#This Row],[Shares]]+Posts1116[[#This Row],[Comments]])/Posts1116[[#This Row],[Impressions]] -> 0.13387048 | O290: =_xlfn.XLOOKUP(Posts1116[[#This Row],[Campaign_Name]],Campaign_Metadata[Campaign_Name],Campaign_Metadata[Objective]) -> #N/A | P290: =IF(AND(Posts1116[[#This Row],[Date]]>=DATE(2024,6,15), Posts1116[[#This Row],[Date]]<=DATE(2024,7,15)),"During", "Before") -> During
A291: P179 | B291: Facebook | C291: 45488 | D291: Carousel | E291: Check out our latest carousel on facebook! | F291: 3796 | G291: 667 | H291: 395 | I291: 64532 | J291: 63550 | K291: 292 | L291: #TeslaCoInnovation | N291: =(Posts1116[[#This Row],[Likes]]+Posts1116[[#This Row],[Shares]]+Posts1116[[#This Row],[Comments]])/Posts1116[[#This Row],[Impressions]] -> 0.075280481 | O291: =_xlfn.XLOOKUP(Posts1116[[#This Row],[Campaign_Name]],Campaign_Metadata[Campaign_Name],Campaign_Metadata[Objective]) -> #N/A | P291: =IF(AND(Posts1116[[#This Row],[Date]]>=DATE(2024,6,15), Posts1116[[#This Row],[Date]]<=DATE(2024,7,15)),"During", "Before") -> During
... A340: P025 | B340: Twitter | C340: 45757 | D340: Carousel | E340: Check out our latest carousel on twitter! | F340: 3128 | G340: 211 | H340: 197 | I340: 59432 | J340: 59182 | K340: 238 | L340: #EVRevolution | N340: =(Posts1116[[#This Row],[Likes]]+Posts1116[[#This Row],[Shares]]+Posts1116[[#This Row],[Comments]])/Posts1116[[#This Row],[Impressions]] -> 0.059496568 | O340: =_xlfn.XLOOKUP(Posts1116[[#This Row],[Campaign_Name]],Campaign_Metadata[Campaign_Name],Campaign_Metadata[Objective]) -> #N/A | P340: =IF(AND(Posts1116[[#This Row],[Date]]>=DATE(2024,6,15), Posts1116[[#This Row],[Date]]<=DATE(2024,7,15)),"During", "Before") -> Before

Sheet Campaign Metadata
A1: Campaign_Name | B1: Start_Date | C1: End_Date | D1: Objective | E1: Total_Budget | F1: Target_Platforms | G1: Primary_Hashtags
A2: CybertruckLaunch | B2: 45458 | C2: 45488 | D2: Product Awareness | E2: 150000 | F2: Instagram,Facebook | G2: #EVRevolution,#TeslaCoInnovation
A3: ModelYCampaign | B3: 45566 | C3: 45596 | D3: Customer Engagement | E3: 200000 | F3: Instagram,YouTube | G3: #AnytimeIsTeslaTime,
A4: FSDUpdate | B4: 45651 | C4: 45667 | D4: Vehicle Launch | E4: 250000 | F4: Facebook,Twitter | G4: #SmoothLikeNitroTesla
A5: SustainabilityDrive | B5: 45717 | C5: 45747 | D5: Community Growth | E5: 180000 | F5: Instagram,Twitter | G5: #BetterWithTesla,#FutureOfDriving

Sheet Engagement Summary
A1: Week_Start_Date | B1: Platform | C1: New_Followers | D1: Unfollows | E1: Total_Followers | F1: Engagement_Rate | G1: Ad_Spend | H1: Net new follower | I1: Net follower growth rate | J1: Campaign
A2: 45446 | B2: Instagram | C2: 1135 | D2: 88 | E2: 344084 | F2: 8.06 | G2: 5904 | H2: =Engagement_Summary[[#This Row],[New_Followers]]-Engagement_Summary[[#This Row],[Unfollows]] -> 1047 | I2: =(Engagement_Summary[[#This Row],[Net new follower]]-H1)/H1 -> #VALUE! | J2: {=_xlfn._xlws.FILTER(Campaign_Metadata[Campaign_Name],(Engagement_Summary[[#This Row],[Week_Start_Date]]>=Campaign_Metadata[Start_Date])*(Engagement_Summary[[#This Row],[Week_Start_Date]]<=Campaign_Metadata[End_Date]),"No Campaign")} -> No Campaign
A3: 45446 | B3: Facebook | C3: 1312 | D3: 310 | E3: 42654 | F3: 4.98 | G3: 9566 | H3: =Engagement_Summary[[#This Row],[New_Followers]]-Engagement_Summary[[#This Row],[Unfollows]] -> 1002 | I3: =(Engagement_Summary[[#This Row],[Net new follower]]-H2)/H2 -> -0.042979943 | J3: {=_xlfn._xlws.FILTER(Campaign_Metadata[Campaign_Name],(Engagement_Summary[[#This Row],[Week_Start_Date]]>=Campaign_Metadata[Start_Date])*(Engagement_Summary[[#This Row],[Week_Start_Date]]<=Campaign_Metadata[End_Date]),"No Campaign")} -> No Campaign
A4: 45446 | B4: Twitter | C4: 584 | D4: 169 | E4: 146834 | F4: 8.31 | G4: 26752 | H4: =Engagement_Summary[[#This Row],[New_Followers]]-Engagement_Summary[[#This Row],[Unfollows]] -> 415 | I4: =(Engagement_Summary[[#This Row],[Net new follower]]-H3)/H3 -> -0.58582834 | J4: {=_xlfn._xlws.FILTER(Campaign_Metadata[Campaign_Name],(Engagement_Summary[[#This Row],[Week_Start_Date]]>=Campaign_Metadata[Start_Date])*(Engagement_Summary[[#This Row],[Week_Start_Date]]<=Campaign_Metadata[End_Date]),"No Campaign")} -> No Campaign
A5: 45446 | B5: YouTube | C5: 1535 | D5: 445 | E5: 395536 | F5: 4.11 | G5: 30671 | H5: =Engagement_Summary[[#This Row],[New_Followers]]-Engagement_Summary[[#This Row],[Unfollows]] -> 1090 | I5: =(Engagement_Summary[[#This Row],[Net new follower]]-H4)/H4 -> 1.626506 | J5: {=_xlfn._xlws.FILTER(Campaign_Metadata[Campaign_Name],(Engagement_Summary[[#This Row],[Week_Start_Date]]>=Campaign_Metadata[Start_Date])*(Engagement_Summary[[#This Row],[Week_Start_Date]]<=Campaign_Metadata[End_Date]),"No Campaign")} -> No Campaign
A6: 45453 | B6: Instagram | C6: 656 | D6: 139 | E6: 49157 | F6: 9.05 | G6: 9920 | H6: =Engagement_Summary[[#This Row],[New_Followers]]-Engagement_Summary[[#This Row],[Unfollows]] -> 517 | I6: =(Engagement_Summary[[#This Row],[Net new follower]]-H5)/H5 -> -0.52568807 | J6: {=_xlfn._xlws.FILTER(Campaign_Metadata[Campaign_Name],(Engagement_Summary[[#This Row],[Week_Start_Date]]>=Campaign_Metadata[Start_Date])*(Engagement_Summary[[#This Row],[Week_Start_Date]]<=Campaign_Metadata[End_Date]),"No Campaign")} -> No Campaign
A7: 45453 | B7: Facebook | C7: 1697 | D7: 414 | E7: 316555 | F7: 2.37 | G7: 7924 | H7: =Engagement_Summary[[#This Row],[New_Followers]]-Engagement_Summary[[#This Row],[Unfollows]] -> 1283 | I7: =(Engagement_Summary[[#This Row],[Net new follower]]-H6)/H6 -> 1.4816248 | J7: {=_xlfn._xlws.FILTER(Campaign_Metadata[Campaign_Name],(Engagement_Summary[[#This Row],[Week_Start_Date]]>=Campaign_Metadata[Start_Date])*(Engagement_Summary[[#This Row],[Week_Start_Date]]<=Campaign_Metadata[End_Date]),"No Campaign")} -> No Campaign
A8: 45453 | B8: Twitter | C8: 436 | D8: 250 | E8: 254347 | F8: 4.01 | G8: 8912 | H8: =Engagement_Summary[[#This Row],[New_Followers]]-Engagement_Summary[[#This Row],[Unfollows]] -> 186 | I8: =(Engagement_Summary[[#This Row],[Net new follower]]-H7)/H7 -> -0.85502728 | J8: {=_xlfn._xlws.FILTER(Campaign_Metadata[Campaign_Name],(Engagement_Summary[[#This Row],[Week_Start_Date]]>=Campaign_Metadata[Start_Date])*(Engagement_Summary[[#This Row],[Week_Start_Date]]<=Campaign_Metadata[End_Date]),"No Campaign")} -> No Campaign
A9: 45453 | B9: YouTube | C9: 1197 | D9: 203 | E9: 413878 | F9: 3.16 | G9: 21205 | H9: =Engagement_Summary[[#This Row],[New_Followers]]-Engagement_Summary[[#This Row],[Unfollows]] -> 994 | I9: =(Engagement_Summary[[#This Row],[Net new follower]]-H8)/H8 -> 4.344086 | J9: {=_xlfn._xlws.FILTER(Campaign_Metadata[Campaign_Name],(Engagement_Summary[[#This Row],[Week_Start_Date]]>=Campaign_Metadata[Start_Date])*(Engagement_Summary[[#This Row],[Week_Start_Date]]<=Campaign_Metadata[End_Date]),"No Campaign")} -> No Campaign
A10: 45460 | B10: Instagram | C10: 1048 | D10: 155 | E10: 456946 | F10: 2.46 | G10: 11329 | H10: =Engagement_Summary[[#This Row],[New_Followers]]-Engagement_Summary[[#This Row],[Unfollows]] -> 893 | I10: =(Engagement_Summary[[#This Row],[Net new follower]]-H9)/H9 -> -0.10160966 | J10: {=_xlfn._xlws.FILTER(Campaign_Metadata[Campaign_Name],(Engagement_Summary[[#This Row],[Week_Start_Date]]>=Campaign_Metadata[Start_Date])*(Engagement_Summary[[#This Row],[Week_Start_Date]]<=Campaign_Metadata[End_Date]),"No Campaign")} -> CybertruckLaunch
A11: 45460 | B11: Facebook | C11: 1753 | D11: 371 | E11: 169496 | F11: 8.11 | G11: 46670 | H11: =Engagement_Summary[[#This Row],[New_Followers]]-Engagement_Summary[[#This Row],[Unfollows]] -> 1382 | I11: =(Engagement_Summary[[#This Row],[Net new follower]]-H10)/H10 -> 0.54759239 | J11: {=_xlfn._xlws.FILTER(Campaign_Metadata[Campaign_Name],(Engagement_Summary[[#This Row],[Week_Start_Date]]>=Campaign_Metadata[Start_Date])*(Engagement_Summary[[#This Row],[Week_Start_Date]]<=Campaign_Metadata[End_Date]),"No Campaign")} -> CybertruckLaunch
A12: 45460 | B12: Twitter | C12: 1335 | D12: 40 | E12: 122732 | F12: 8.19 | G12: 22482 | H12: =Engagement_Summary[[#This Row],[New_Followers]]-Engagement_Summary[[#This Row],[Unfollows]] -> 1295 | I12: =(Engagement_Summary[[#This Row],[Net new follower]]-H11)/H11 -> -0.062952243 | J12: {=_xlfn._xlws.FILTER(Campaign_Metadata[Campaign_Name],(Engagement_Summary[[#This Row],[Week_Start_Date]]>=Campaign_Metadata[Start_Date])*(Engagement_Summary[[#This Row],[Week_Start_Date]]<=Campaign_Metadata[End_Date]),"No Campaign")} -> CybertruckLaunch
A13: 45460 | B13: YouTube | C13: 403 | D13: 66 | E13: 382851 | F13: 3.49 | G13: 24313 | H13: =Engagement_Summary[[#This Row],[New_Followers]]-Engagement_Summary[[#This Row],[Unfollows]] -> 337 | I13: =(Engagement_Summary[[#This Row],[Net new follower]]-H12)/H12 -> -0.73976834 | J13: {=_xlfn._xlws.FILTER(Campaign_Metadata[Campaign_Name],(Engagement_Summary[[#This Row],[Week_Start_Date]]>=Campaign_Metadata[Start_Date])*(Engagement_Summary[[#This Row],[Week_Start_Date]]<=Campaign_Metadata[End_Date]),"No Campaign")} -> CybertruckLaunch
... A201: 45789 | B201: YouTube | C201: 119 | D201: 456 | E201: 82558 | F201: 6.81 | G201: 12174 | H201: =Engagement_Summary[[#This Row],[New_Followers]]-Engagement_Summary[[#This Row],[Unfollows]] -> -337 | I201: =(Engagement_Summary[[#This Row],[Net new follower]]-H200)/H200 -> -2.2527881 | J201: {=_xlfn._xlws.FILTER(Campaign_Metadata[Campaign_Name],(Engagement_Summary[[#This Row],[Week_Start_Date]]>=Campaign_Metadata[Start_Date])*(Engagement_Summary[[#This Row],[Week_Start_Date]]<=Campaign_Metadata[End_Date]),"No Campaign")} -> No Campaign

Sheet Task 1
A1: Post ID | B1: Platform | C1: Date | D1: Content Type | E1: Post Text | F1: Likes | G1: Shares | H1: Comments | I1: Impressions | J1: Reach | K1: Clicks | L1: Hashtags Used | M1: Campaign_Name
A2: P001 | B2: Twitter | C2: 45649 | D2: Reel | E2: Check out our latest reel on twitter! | F2: 1461 | G2: 184 | H2: 344 | I2: 21915 | J2: 21675 | K2: 15 | L2: #FutureOfDriving | M2: CybertruckLaunch
A3: P001 | B3: Twitter | C3: 45649 | D3: Reel | E3: Check out our latest reel on twitter! | F3: 1461 | G3: 184 | H3: 344 | I3: 21915 | J3: 21675 | K3: 15 | L3: #AnytimeIsTeslaTime | M3: CybertruckLaunch
A4: P002 | B4: Twitter | C4: 45750 | D4: Text | E4: Check out our latest text on twitter! | F4: 4054 | G4: 389 | H4: 493 | I4: 64864 | J4: 64383 | K4: 117 | L4: #TeslaCoInnovation | M4: ModelYCampaign
A5: P002 | B5: Twitter | C5: 45750 | D5: Text | E5: Check out our latest text on twitter! | F5: 4054 | G5: 389 | H5: 493 | I5: 64864 | J5: 64383 | K5: 117 | L5: #BetterWithTesla | M5: ModelYCampaign
A6: P003 | B6: YouTube | C6: 45789 | D6: Reel | E6: Check out our latest reel on youtube! | F6: 2795 | G6: 105 | H6: 49 | I6: 53105 | J6: 52307 | K6: 204 | L6: #TeslaCoInnovation | M6: FSDUpdate
A7: P004 | B7: Instagram | C7: 45516 | D7: Story | E7: Check out our latest story on instagram! | F7: 2404 | G7: 363 | H7: 138 | I7: 19232 | J7: 18636 | K7: 128 | L7: #EVRevolution | M7: SustainabilityDrive
A8: P005 | B8: YouTube | C8: 45469 | D8: Reel | E8: Check out our latest reel on youtube! | F8: 3557 | G8: 687 | H8: 424 | I8: 71140 | J8: 70701 | K8: 224 | L8: #EVRevolution | M8: CybertruckLaunch
A9: P005 | B9: YouTube | C9: 45469 | D9: Reel | E9: Check out our latest reel on youtube! | F9: 3557 | G9: 687 | H9: 424 | I9: 71140 | J9: 70701 | K9: 224 | L9: #TeslaCoInnovation | M9: CybertruckLaunch
A10: P006 | B10: Facebook | C10: 45596 | D10: Carousel | E10: Check out our latest carousel on facebook! | F10: 2945 | G10: 930 | H10: 355 | I10: 23560 | J10: 23275 | K10: 256 | L10: #TeslaCoInnovation | M10: ModelYCampaign
A11: P007 | B11: Twitter | C11: 45467 | D11: Carousel | E11: Check out our latest carousel on twitter! | F11: 3860 | G11: 201 | H11: 279 | I11: 61760 | J11: 61660 | K11: 235 | L11: #TeslaCoInnovation | M11: ModelYCampaign
A12: P008 | B12: YouTube | C12: 45486 | D12: Image | E12: Check out our latest image on youtube! | F12: 3929 | G12: 262 | H12: 278 | I12: 43219 | J12: 42841 | K12: 39 | L12: #EVRevolution | M12: SustainabilityDrive
A13: P009 | B13: Facebook | C13: 45534 | D13: Text | E13: Check out our latest text on facebook! | F13: 3784 | G13: 808 | H13: 404 | I13: 56760 | J13: 56343 | K13: 131 | L13: #TeslaCoInnovation | M13: ModelYCampaign
... A17: P013 | B17: YouTube | C17: 45614 | D17: Carousel | E17: Check out our latest carousel on youtube! | F17: 1171 | G17: 286 | H17: 231 | I17: 22249 | J17: 21282 | K17: 114 | L17: #EVRevolution | M17: CybertruckLaunch
A18: P014 | B18: Facebook | C18: 45704 | D18: Story | E18: Check out our latest story on facebook! | F18: 4242 | G18: 555 | H18: 131 | I18: 33936 | J18: 33802 | K18: 265 | L18: #FutureOfDriving
A19: P015 | B19: Facebook | C19: 45589 | D19: Video | E19: Check out our latest video on facebook! | F19: 3888 | G19: 604 | H19: 128 | I19: 77760 | J19: 77167 | K19: 20 | L19: #FutureOfDriving | M19: CybertruckLaunch
A20: P016 | B20: Facebook | C20: 45530 | D20: Text | E20: Check out our latest text on facebook! | F20: 3452 | G20: 377 | H20: 360 | I20: 55232 | J20: 55075 | K20: 87 | L20: #FutureOfDriving | M20: FSDUpdate
A21: P017 | B21: Facebook | C21: 45782 | D21: Text | E21: Check out our latest text on facebook! | F21: 4441 | G21: 511 | H21: 70 | I21: 53292 | J21: 53082 | K21: 159 | L21: #EVRevolution | M21: SustainabilityDrive
A22: P018 | B22: Instagram | C22: 45523 | D22: Reel | E22: Check out our latest reel on instagram! | F22: 3000 | G22: 382 | H22: 325 | I22: 36000 | J22: 35819 | K22: 19 | L22: #FutureOfDriving | M22: CybertruckLaunch
A23: P019 | B23: Instagram | C23: 45466 | D23: Video | E23: Check out our latest video on instagram! | F23: 1071 | G23: 519 | H23: 22 | I23: 16065 | J23: 15865 | K23: 103 | L23: #TeslaCoInnovation | M23: SustainabilityDrive
A24: P020 | B24: Instagram | C24: 45544 | D24: Carousel | E24: Check out our latest carousel on instagram! | F24: 4054 | G24: 488 | H24: 373 | I24: 77026 | J24: 76881 | K24: 25 | L24: #TeslaCoInnovation | M24: CybertruckLaunch
A25: P021 | B25: Instagram | C25: 45661 | D25: Reel | E25: Check out our latest reel on instagram! | F25: 4838 | G25: 640 | H25: 128 | I25: 72570 | J25: 72396 | K25: 83 | L25: #FutureOfDriving | M25: SustainabilityDrive
A26: P022 | B26: Facebook | C26: 45715 | D26: Text | E26: Check out our latest text on facebook! | F26: 1570 | G26: 187 | H26: 260 | I26: 25120 | J26: 24613 | K26: 133 | L26: #TeslaCoInnovation | M26: SustainabilityDrive
A27: P023 | B27: Facebook | C27: 45602 | D27: Video | E27: Check out our latest video on facebook! | F27: 1606 | G27: 547 | H27: 316 | I27: 32120 | J27: 31736 | K27: 225 | L27: #TeslaCoInnovation | M27: ModelYCampaign
A28: P023 | B28: Facebook | C28: 45602 | D28: Video | E28: Check out our latest video on facebook! | F28: 1606 | G28: 547 | H28: 316 | I28: 32120 | J28: 31736 | K28: 225 | L28: #AnytimeIsTeslaTime | M28: ModelYCampaign
A29: P024 | B29: Facebook | C29: 45680 | D29: Video | E29: Check out our latest video on facebook! | F29: 3961 | G29: 761 | H29: 131 | I29: 67337 | J29: 66615 | K29: 161 | L29: #FutureOfDriving | M29: FSDUpdate
A30: P025 | B30: Twitter | C30: 45757 | D30: Carousel | E30: Check out our latest carousel on twitter! | F30: 3128 | G30: 211 | H30: 197 | I30: 59432 | J30: 59182 | K30: 238 | L30: #EVRevolution
A31: P026 | B31: YouTube | C31: 45752 | D31: Reel | E31: Check out our latest reel on youtube! | F31: 3009 | G31: 413 | H31: 358 | I31: 42126 | J31: 41309 | K31: 211 | L31: #FutureOfDriving | M31: ModelYCampaign
A32: P027 | B32: YouTube | C32: 45552 | D32: Text | E32: Check out our latest text on youtube! | F32: 2076 | G32: 195 | H32: 104 | I32: 33216 | J32: 32244 | K32: 51 | L32: #FutureOfDriving | M32: SustainabilityDrive
A33: P028 | B33: Instagram | C33: 45720 | D33: Video | E33: Check out our latest video on instagram! | F33: 432 | G33: 624 | H33: 123 | I33: 6912 | J33: 6259 | K33: 79 | L33: #FutureOfDriving | M33: SustainabilityDrive
A34: P029 | B34: Instagram | C34: 45688 | D34: Carousel | E34: Check out our latest carousel on instagram! | F34: 2566 | G34: 118 | H34: 37 | I34: 12830 | J34: 12264 | K34: 221 | L34: #FutureOfDriving | M34: FSDUpdate
A35: P030 | B35: Instagram | C35: 45713 | D35: Video | E35: Check out our latest video on instagram! | F35: 3095 | G35: 39 | H35: 78 | I35: 55710 | J35: 54808 | K35: 93 | L35: #EVRevolution
A36: P031 | B36: Instagram | C36: 45642 | D36: Text | E36: Check out our latest text on instagram! | F36: 438 | G36: 153 | H36: 275 | I36: 3066 | J36: 2701 | K36: 282 | L36: #TeslaCoInnovation | M36: ModelYCampaign
A37: P032 | B37: Twitter | C37: 45504 | D37: Carousel | E37: Check out our latest carousel on twitter! | F37: 2278 | G37: 10 | H37: 321 | I37: 13668 | J37: 12676 | K37: 275 | L37: #EVRevolution | M37: CybertruckLaunch
A38: P033 | B38: Facebook | C38: 45525 | D38: Image | E38: Check out our latest image on facebook! | F38: 1407 | G38: 400 | H38: 351 | I38: 16884 | J38: 15954 | K38: 113 | L38: #TeslaCoInnovation | M38: CybertruckLaunch
A39: P034 | B39: Facebook | C39: 45742 | D39: Text | E39: Check out our latest text on facebook! | F39: 1652 | G39: 89 | H39: 357 | I39: 29736 | J39: 28771 | K39: 215 | L39: #TeslaCoInnovation | M39: FSDUpdate
A40: P035 | B40: Instagram | C40: 45626 | D40: Video | E40: Check out our latest video on instagram! | F40: 3775 | G40: 16 | H40: 239 | I40: 33975 | J40: 33310 | K40: 271 | L40: #FutureOfDriving | M40: ModelYCampaign
A41: P036 | B41: Instagram | C41: 45766 | D41: Story | E41: Check out our latest story on instagram! | F41: 4518 | G41: 285 | H41: 383 | I41: 67770 | J41: 67621 | K41: 31 | L41: #EVRevolution | M41: ModelYCampaign
A42: P037 | B42: Facebook | C42: 45663 | D42: Carousel | E42: Check out our latest carousel on facebook! | F42: 3024 | G42: 925 | H42: 350 | I42: 24192 | J42: 23518 | K42: 36 | L42: #EVRevolution | M42: ModelYCampaign
A43: P038 | B43: YouTube | C43: 45705 | D43: Reel | E43: Check out our latest reel on youtube! | F43: 3138 | G43: 123 | H43: 291 | I43: 28242 | J43: 27550 | K43: 87 | L43: #TeslaCoInnovation | M43: SustainabilityDrive
A44: P039 | B44: Facebook | C44: 45621 | D44: Image | E44: Check out our latest image on facebook! | F44: 3564 | G44: 629 | H44: 177 | I44: 60588 | J44: 59627 | K44: 92 | L44: #TeslaCoInnovation
A45: P040 | B45: Twitter | C45: 45723 | D45: Image | E45: Check out our latest image on twitter! | F45: 4750 | G45: 151 | H45: 415 | I45: 38000 | J45: 37792 | K45: 299 | L45: #EVRevolution | M45: SustainabilityDrive
A46: P041 | B46: Instagram | C46: 45724 | D46: Reel | E46: Check out our latest reel on instagram! | F46: 456 | G46: 629 | H46: 428 | I46: 8208 | J46: 7377 | K46: 205 | L46: #FutureOfDriving | M46: SustainabilityDrive
A47: P042 | B47: YouTube | C47: 45721 | D47: Reel | E47: Check out our latest reel on youtube! | F47: 1543 | G47: 820 | H47: 333 | I47: 12344 | J47: 11496 | K47: 241 | L47: #EVRevolution
A48: P043 | B48: Instagram | C48: 45640 | D48: Carousel | E48: Check out our latest carousel on instagram! | F48: 2174 | G48: 658 | H48: 15 | I48: 13044 | J48: 12206 | K48: 137 | L48: #TeslaCoInnovation | M48: FSDUpdate
A49: P044 | B49: Twitter | C49: 45718 | D49: Image | E49: Check out our latest image on twitter! | F49: 2358 | G49: 784 | H49: 344 | I49: 35370 | J49: 34475 | K49: 216 | L49: #TeslaCoInnovation
A50: P045 | B50: Facebook | C50: 45597 | D50: Video | E50: Check out our latest video on facebook! | F50: 3371 | G50: 106 | H50: 327 | I50: 50565 | J50: 49816 | K50: 176 | L50: #FutureOfDriving | M50: CybertruckLaunch
A51: P046 | B51: Twitter | C51: 45779 | D51: Video | E51: Check out our latest video on twitter! | F51: 1108 | G51: 177 | H51: 212 | I51: 8864 | J51: 8710 | K51: 97 | L51: #TeslaCoInnovation | M51: SustainabilityDrive
A52: P047 | B52: Twitter | C52: 45712 | D52: Carousel | E52: Check out our latest carousel on twitter! | F52: 2704 | G52: 752 | H52: 153 | I52: 21632 | J52: 20792 | K52: 127 | L52: #FutureOfDriving
A53: P048 | B53: Twitter | C53: 45727 | D53: Story | E53: Check out our latest story on twitter! | F53: 1950 | G53: 295 | H53: 478 | I53: 37050 | J53: 36272 | K53: 119 | L53: #TeslaCoInnovation
A54: P049 | B54: Twitter | C54: 45453 | D54: Story | E54: Check out our latest story on twitter! | F54: 2164 | G54: 549 | H54: 274 | I54: 28132 | J54: 27361 | K54: 177 | L54: #TeslaCoInnovation | M54: SustainabilityDrive
A55: P050 | B55: YouTube | C55: 45476 | D55: Story | E55: Check out our latest story on youtube! | F55: 2754 | G55: 130 | H55: 90 | I55: 22032 | J55: 21288 | K55: 112 | L55: #TeslaCoInnovation | M55: FSDUpdate
A56: P051 | B56: Facebook | C56: 45456 | D56: Carousel | E56: Check out our latest carousel on facebook! | F56: 2200 | G56: 504 | H56: 239 | I56: 37400 | J56: 36938 | K56: 225 | L56: #FutureOfDriving | M56: ModelYCampaign
A57: P052 | B57: Facebook | C57: 45660 | D57: Image | E57: Check out our latest image on facebook! | F57: 947 | G57: 338 | H57: 350 | I57: 10417 | J57: 9730 | K57: 34 | L57: #TeslaCoInnovation | M57: SustainabilityDrive
A58: P053 | B58: YouTube | C58: 45712 | D58: Carousel | E58: Check out our latest carousel on youtube! | F58: 804 | G58: 639 | H58: 43 | I58: 4020 | J58: 3144 | K58: 11 | L58: #EVRevolution
A59: P053 | B59: YouTube | C59: 45712 | D59: Carousel | E59: Check out our latest carousel on youtube! | F59: 804 | G59: 639 | H59: 43 | I59: 4020 | J59: 3144 | K59: 11 | L59: #BetterWithTesla
A60: P054 | B60: YouTube | C60: 45729 | D60: Carousel | E60: Check out our latest carousel on youtube! | F60: 1686 | G60: 904 | H60: 472 | I60: 18546 | J60: 18171 | K60: 52 | L60: #FutureOfDriving | M60: ModelYCampaign
A61: P055 | B61: Facebook | C61: 45460 | D61: Image | E61: Check out our latest image on facebook! | F61: 1226 | G61: 119 | H61: 7 | I61: 14712 | J61: 14049 | K61: 123 | L61: #EVRevolution | M61: SustainabilityDrive
A62: P056 | B62: Facebook | C62: 45644 | D62: Carousel | E62: Check out our latest carousel on facebook! | F62: 2946 | G62: 498 | H62: 367 | I62: 29460 | J62: 28527 | K62: 60 | L62: #FutureOfDriving | M62: FSDUpdate
A63: P057 | B63: Twitter | C63: 45586 | D63: Video | E63: Check out our latest video on twitter! | F63: 2825 | G63: 535 | H63: 295 | I63: 45200 | J63: 44739 | K63: 169 | L63: #TeslaCoInnovation | M63: CybertruckLaunch
A64: P058 | B64: Instagram | C64: 45762 | D64: Reel | E64: Check out our latest reel on instagram! | F64: 103 | G64: 770 | H64: 19 | I64: 1030 | J64: 410 | K64: 262 | L64: #TeslaCoInnovation | M64: SustainabilityDrive
A65: P059 | B65: Instagram | C65: 45465 | D65: Text | E65: Check out our latest text on instagram! | F65: 2180 | G65: 263 | H65: 387 | I65: 30520 | J65: 30059 | K65: 174 | L65: #EVRevolution
A66: P060 | B66: Instagram | C66: 45685 | D66: Video | E66: Check out our latest video on instagram! | F66: 904 | G66: 973 | H66: 63 | I66: 11752 | J66: 11580 | K66: 84 | L66: #EVRevolution | M66: FSDUpdate
A67: P060 | B67: Instagram | C67: 45685 | D67: Video | E67: Check out our latest video on instagram! | F67: 904 | G67: 973 | H67: 63 | I67: 11752 | J67: 11580 | K67: 84 | L67: #TeslaCoInnovation | M67: FSDUpdate
A68: P060 | B68: Instagram | C68: 45685 | D68: Video | E68: Check out our latest video on instagram! | F68: 904 | G68: 973 | H68: 63 | I68: 11752 | J68: 11580 | K68: 84 | L68: #AnytimeIsTeslaTime | M68: FSDUpdate
A69: P061 | B69: Twitter | C69: 45540 | D69: Video | E69: Check out our latest video on twitter! | F69: 4886 | G69: 983 | H69: 409 | I69: 43974 | J69: 43239 | K69: 65 | L69: #TeslaCoInnovation | M69: CybertruckLaunch
A70: P062 | B70: Twitter | C70: 45618 | D70: Carousel | E70: Check out our latest carousel on twitter! | F70: 53 | G70: 81 | H70: 379 | I70: 954 | J70: 7 | K70: 148 | L70: #TeslaCoInnovation | M70: FSDUpdate
A71: P063 | B71: Twitter | C71: 45504 | D71: Carousel | E71: Check out our latest carousel on twitter! | F71: 4507 | G71: 217 | H71: 13 | I71: 90140 | J71: 89591 | K71: 125 | L71: #FutureOfDriving | M71: FSDUpdate
A72: P064 | B72: Facebook | C72: 45521 | D72: Image | E72: Check out our latest image on facebook! | F72: 2878 | G72: 248 | H72: 416 | I72: 43170 | J72: 42667 | K72: 75 | L72: #FutureOfDriving | M72: FSDUpdate
A73: P065 | B73: Instagram | C73: 45744 | D73: Story | E73: Check out our latest story on instagram! | F73: 1881 | G73: 501 | H73: 99 | I73: 20691 | J73: 19987 | K73: 289 | L73: #EVRevolution
A74: P066 | B74: Twitter | C74: 45499 | D74: Carousel | E74: Check out our latest carousel on twitter! | F74: 432 | G74: 171 | H74: 280 | I74: 3024 | J74: 2285 | K74: 184 | L74: #EVRevolution | M74: CybertruckLaunch
A75: P067 | B75: Facebook | C75: 45745 | D75: Carousel | E75: Check out our latest carousel on facebook! | F75: 4712 | G75: 568 | H75: 127 | I75: 84816 | J75: 84691 | K75: 100 | L75: #EVRevolution | M75: FSDUpdate
A76: P068 | B76: Instagram | C76: 45634 | D76: Story | E76: Check out our latest story on instagram! | F76: 2610 | G76: 126 | H76: 288 | I76: 15660 | J76: 15145 | K76: 73 | L76: #EVRevolution
A77: P069 | B77: Twitter | C77: 45724 | D77: Text | E77: Check out our latest text on twitter! | F77: 1292 | G77: 626 | H77: 496 | I77: 25840 | J77: 24916 | K77: 149 | L77: #FutureOfDriving | M77: FSDUpdate
A78: P070 | B78: Facebook | C78: 45749 | D78: Video | E78: Check out our latest video on facebook! | F78: 199 | G78: 772 | H78: 400 | I78: 3582 | J78: 2988 | K78: 43 | L78: #TeslaCoInnovation
A79: P071 | B79: YouTube | C79: 45537 | D79: Carousel | E79: Check out our latest carousel on youtube! | F79: 2551 | G79: 915 | H79: 205 | I79: 30612 | J79: 30360 | K79: 227 | L79: #TeslaCoInnovation | M79: ModelYCampaign
A80: P072 | B80: YouTube | C80: 45719 | D80: Reel | E80: Check out our latest reel on youtube! | F80: 296 | G80: 60 | H80: 141 | I80: 5624 | J80: 5239 | K80: 88 | L80: #EVRevolution | M80: ModelYCampaign
A81: P073 | B81: Facebook | C81: 45583 | D81: Story | E81: Check out our latest story on facebook! | F81: 4126 | G81: 426 | H81: 486 | I81: 78394 | J81: 77798 | K81: 88 | L81: #FutureOfDriving | M81: SustainabilityDrive
A82: P074 | B82: YouTube | C82: 45593 | D82: Reel | E82: Check out our latest reel on youtube! | F82: 1855 | G82: 200 | H82: 174 | I82: 16695 | J82: 16330 | K82: 123 | L82: #TeslaCoInnovation | M82: FSDUpdate
A83: P075 | B83: Instagram | C83: 45505 | D83: Reel | E83: Check out our latest reel on instagram! | F83: 1674 | G83: 929 | H83: 37 | I83: 21762 | J83: 20998 | K83: 255 | L83: #TeslaCoInnovation | M83: SustainabilityDrive
A84: P076 | B84: Twitter | C84: 45603 | D84: Story | E84: Check out our latest story on twitter! | F84: 1121 | G84: 135 | H84: 18 | I84: 15694 | J84: 14957 | K84: 99 | L84: #TeslaCoInnovation | M84: SustainabilityDrive
A85: P077 | B85: Facebook | C85: 45720 | D85: Story | E85: Check out our latest story on facebook! | F85: 1249 | G85: 116 | H85: 420 | I85: 8743 | J85: 8538 | K85: 63 | L85: #TeslaCoInnovation
A86: P078 | B86: Twitter | C86: 45460 | D86: Image | E86: Check out our latest image on twitter! | F86: 954 | G86: 324 | H86: 288 | I86: 19080 | J86: 18859 | K86: 21 | L86: #FutureOfDriving | M86: SustainabilityDrive
A87: P079 | B87: Instagram | C87: 45574 | D87: Carousel | E87: Check out our latest carousel on instagram! | F87: 3068 | G87: 137 | H87: 329 | I87: 39884 | J87: 39404 | K87: 266 | L87: #EVRevolution | M87: ModelYCampaign
A88: P080 | B88: Instagram | C88: 45456 | D88: Story | E88: Check out our latest story on instagram! | F88: 2103 | G88: 892 | H88: 103 | I88: 39957 | J88: 39466 | K88: 28 | L88: #FutureOfDriving
A89: P081 | B89: Instagram | C89: 45584 | D89: Story | E89: Check out our latest story on instagram! | F89: 1816 | G89: 29 | H89: 41 | I89: 19976 | J89: 19262 | K89: 283 | L89: #TeslaCoInnovation | M89: FSDUpdate
A90: P082 | B90: Instagram | C90: 45497 | D90: Image | E90: Check out our latest image on instagram! | F90: 725 | G90: 88 | H90: 428 | I90: 14500 | J90: 13637 | K90: 200 | L90: #FutureOfDriving | M90: FSDUpdate
A91: P082 | B91: Instagram | C91: 45497 | D91: Image | E91: Check out our latest image on instagram! | F91: 725 | G91: 88 | H91: 428 | I91: 14500 | J91: 13637 | K91: 200 | L91: #TeslaCoInnovation | M91: FSDUpdate
A92: P082 | B92: Instagram | C92: 45497 | D92: Image | E92: Check out our latest image on instagram! | F92: 725 | G92: 88 | H92: 428 | I92: 14500 | J92: 13637 | K92: 200 | L92: #AnytimeIsTeslaTime | M92: FSDUpdate
A93: P083 | B93: YouTube | C93: 45580 | D93: Video | E93: Check out our latest video on youtube! | F93: 1094 | G93: 472 | H93: 21 | I93: 9846 | J93: 9609 | K93: 112 | L93: #EVRevolution
A94: P084 | B94: Facebook | C94: 45635 | D94: Image | E94: Check out our latest image on facebook! | F94: 1841 | G94: 851 | H94: 342 | I94: 34979 | J94: 34154 | K94: 255 | L94: #FutureOfDriving | M94: SustainabilityDrive
A95: P085 | B95: Instagram | C95: 45766 | D95: Image | E95: Check out our latest image on instagram! | F95: 4177 | G95: 569 | H95: 55 | I95: 25062 | J95: 24847 | K95: 230 | L95: #FutureOfDriving | M95: CybertruckLaunch
A96: P086 | B96: YouTube | C96: 45684 | D96: Text | E96: Check out our latest text on youtube! | F96: 3428 | G96: 305 | H96: 85 | I96: 58276 | J96: 58052 | K96: 242 | L96: #EVRevolution | M96: SustainabilityDrive
A97: P086 | B97: YouTube | C97: 45684 | D97: Text | E97: Check out our latest text on youtube! | F97: 3428 | G97: 305 | H97: 85 | I97: 58276 | J97: 58052 | K97: 242 | L97: #BetterWithTesla | M97: SustainabilityDrive
A98: P087 | B98: Twitter | C98: 45449 | D98: Video | E98: Check out our latest video on twitter! | F98: 1436 | G98: 765 | H98: 496 | I98: 12924 | J98: 12701 | K98: 197 | L98: #FutureOfDriving | M98: FSDUpdate
A99: P088 | B99: Facebook | C99: 45480 | D99: Story | E99: Check out our latest story on facebook! | F99: 302 | G99: 47 | H99: 430 | I99: 5738 | J99: 4890 | K99: 25 | L99: #TeslaCoInnovation | M99: SustainabilityDrive
A100: P089 | B100: Twitter | C100: 45667 | D100: Image | E100: Check out our latest image on twitter! | F100: 2214 | G100: 249 | H100: 152 | I100: 15498 | J100: 14800 | K100: 180 | L100: #EVRevolution
A101: P090 | B101: Instagram | C101: 45446 | D101: Image | E101: Check out our latest image on instagram! | F101: 3861 | G101: 960 | H101: 101 | I101: 69498 | J101: 68817 | K101: 297 | L101: #TeslaCoInnovation | M101: SustainabilityDrive
A102: P091 | B102: Facebook | C102: 45740 | D102: Image | E102: Check out our latest image on facebook! | F102: 1263 | G102: 397 | H102: 357 | I102: 25260 | J102: 24615 | K102: 137 | L102: #EVRevolution | M102: SustainabilityDrive
A103: P092 | B103: Twitter | C103: 45586 | D103: Story | E103: Check out our latest story on twitter! | F103: 3801 | G103: 967 | H103: 401 | I103: 38010 | J103: 37625 | K103: 236 | L103: #FutureOfDriving | M103: FSDUpdate
...

Sheet Task 2.1
A1: Post ID | B1: Platform | C1: Date | D1: Content Type | E1: Post Text | F1: Likes | G1: Shares | H1: Comments | I1: Impressions | J1: Reach | K1: Clicks | L1: Hashtags Used | M1: Campaign_Name | N1: Engagement Rate
A2: P001 | B2: Twitter | C2: 45649 | D2: Reel | E2: Check out our latest reel on twitter! | F2: 1461 | G2: 184 | H2: 344 | I2: 21915 | J2: 21675 | K2: 15 | L2: #FutureOfDriving | M2: CybertruckLaunch | N2: =(Posts11[[#This Row],[Likes]]+Posts11[[#This Row],[Shares]]+Posts11[[#This Row],[Comments]])/Posts11[[#This Row],[Impressions]] -> 0.090759754
A3: P001 | B3: Twitter | C3: 45649 | D3: Reel | E3: Check out our latest reel on twitter! | F3: 1461 | G3: 184 | H3: 344 | I3: 21915 | J3: 21675 | K3: 15 | L3: #AnytimeIsTeslaTime | M3: CybertruckLaunch | N3: =(Posts11[[#This Row],[Likes]]+Posts11[[#This Row],[Shares]]+Posts11[[#This Row],[Comments]])/Posts11[[#This Row],[Impressions]] -> 0.090759754
A4: P002 | B4: Twitter | C4: 45750 | D4: Text | E4: Check out our latest text on twitter! | F4: 4054 | G4: 389 | H4: 493 | I4: 64864 | J4: 64383 | K4: 117 | L4: #TeslaCoInnovation | M4: ModelYCampaign | N4: =(Posts11[[#This Row],[Likes]]+Posts11[[#This Row],[Shares]]+Posts11[[#This Row],[Comments]])/Posts11[[#This Row],[Impressions]] -> 0.076097681
A5: P002 | B5: Twitter | C5: 45750 | D5: Text | E5: Check out our latest text on twitter! | F5: 4054 | G5: 389 | H5: 493 | I5: 64864 | J5: 64383 | K5: 117 | L5: #BetterWithTesla | M5: ModelYCampaign | N5: =(Posts11[[#This Row],[Likes]]+Posts11[[#This Row],[Shares]]+Posts11[[#This Row],[Comments]])/Posts11[[#This Row],[Impressions]] -> 0.076097681
A6: P003 | B6: YouTube | C6: 45789 | D6: Reel | E6: Check out our latest reel on youtube! | F6: 2795 | G6: 105 | H6: 49 | I6: 53105 | J6: 52307 | K6: 204 | L6: #TeslaCoInnovation | M6: FSDUpdate | N6: =(Posts11[[#This Row],[Likes]]+Posts11[[#This Row],[Shares]]+Posts11[[#This Row],[Comments]])/Posts11[[#This Row],[Impressions]] -> 0.055531494
A7: P004 | B7: Instagram | C7: 45516 | D7: Story | E7: Check out our latest story on instagram! | F7: 2404 | G7: 363 | H7: 138 | I7: 19232 | J7: 18636 | K7: 128 | L7: #EVRevolution | M7: SustainabilityDrive | N7: =(Posts11[[#This Row],[Likes]]+Posts11[[#This Row],[Shares]]+Posts11[[#This Row],[Comments]])/Posts11[[#This Row],[Impressions]] -> 0.15105033
A8: P005 | B8: YouTube | C8: 45469 | D8: Reel | E8: Check out our latest reel on youtube! | F8: 3557 | G8: 687 | H8: 424 | I8: 71140 | J8: 70701 | K8: 224 | L8: #EVRevolution | M8: CybertruckLaunch | N8: =(Posts11[[#This Row],[Likes]]+Posts11[[#This Row],[Shares]]+Posts11[[#This Row],[Comments]])/Posts11[[#This Row],[Impressions]] -> 0.065617093
A9: P005 | B9: YouTube | C9: 45469 | D9: Reel | E9: Check out our latest reel on youtube! | F9: 3557 | G9: 687 | H9: 424 | I9: 71140 | J9: 70701 | K9: 224 | L9: #TeslaCoInnovation | M9: CybertruckLaunch | N9: =(Posts11[[#This Row],[Likes]]+Posts11[[#This Row],[Shares]]+Posts11[[#This Row],[Comments]])/Posts11[[#This Row],[Impressions]] -> 0.065617093
A10: P006 | B10: Facebook | C10: 45596 | D10: Carousel | E10: Check out our latest carousel on facebook! | F10: 2945 | G10: 930 | H10: 355 | I10: 23560 | J10: 23275 | K10: 256 | L10: #TeslaCoInnovation | M10: ModelYCampaign | N10: =(Posts11[[#This Row],[Likes]]+Posts11[[#This Row],[Shares]]+Posts11[[#This Row],[Comments]])/Posts11[[#This Row],[Impressions]] -> 0.1795416 | Q10: Platform | R10: Avg Engagement rate
A11: P007 | B11: Twitter | C11: 45467 | D11: Carousel | E11: Check out our latest carousel on twitter! | F11: 3860 | G11: 201 | H11: 279 | I11: 61760 | J11: 61660 | K11: 235 | L11: #TeslaCoInnovation | M11: ModelYCampaign | N11: =(Posts11[[#This Row],[Likes]]+Posts11[[#This Row],[Shares]]+Posts11[[#This Row],[Comments]])/Posts11[[#This Row],[Impressions]] -> 0.070272021 | Q11: Twitter | R11: =AVERAGEIF(Posts[Platform],Q11,Posts11[Engagement Rate]) -> 0.13739369
A12: P008 | B12: YouTube | C12: 45486 | D12: Image | E12: Check out our latest image on youtube! | F12: 3929 | G12: 262 | H12: 278 | I12: 43219 | J12: 42841 | K12: 39 | L12: #EVRevolution | M12: SustainabilityDrive | N12: =(Posts11[[#This Row],[Likes]]+Posts11[[#This Row],[Shares]]+Posts11[[#This Row],[Comments]])/Posts11[[#This Row],[Impressions]] -> 0.1034036 | Q12: YouTube | R12: =AVERAGEIF(Posts[Platform],Q12,Posts11[Engagement Rate]) -> 0.13298735
A13: P009 | B13: Facebook | C13: 45534 | D13: Text | E13: Check out our latest text on facebook! | F13: 3784 | G13: 808 | H13: 404 | I13: 56760 | J13: 56343 | K13: 131 | L13: #TeslaCoInnovation | M13: ModelYCampaign | N13: =(Posts11[[#This Row],[Likes]]+Posts11[[#This Row],[Shares]]+Posts11[[#This Row],[Comments]])/Posts11[[#This Row],[Impressions]] -> 0.088019732 | Q13: Instagram | R13: =AVERAGEIF(Posts[Platform],Q13,Posts11[Engagement Rate]) -> 0.18531785
A14: P010 | B14: Facebook | C14: 45727 | D14: Image | E14: Check out our latest image on facebook! | F14: 4241 | G14: 902 | H14: 47 | I14: 72097 | J14: 71598 | K14: 167 | L14: #TeslaCoInnovation | M14: ModelYCampaign | N14: =(Posts11[[#This Row],[Likes]]+Posts11[[#This Row],[Shares]]+Posts11[[#This Row],[Comments]])/Posts11[[#This Row],[Impressions]] -> 0.071986352 | Q14: Facebook | R14: =AVERAGEIF(Posts[Platform],Q14,Posts11[Engagement Rate]) -> 0.12094203
A15: P011 | B15: Instagram | C15: 45690 | D15: Story | E15: Check out our latest story on instagram! | F15: 1792 | G15: 614 | H15: 497 | I15: 25088 | J15: 24675 | K15: 65 | L15: #FutureOfDriving | M15: SustainabilityDrive | N15: =(Posts11[[#This Row],[Likes]]+Posts11[[#This Row],[Shares]]+Posts11[[#This Row],[Comments]])/Posts11[[#This Row],[Impressions]] -> 0.11571269
A16: P012 | B16: Facebook | C16: 45494 | D16: Reel | E16: Check out our latest reel on facebook! | F16: 1946 | G16: 686 | H16: 377 | I16: 23352 | J16: 22982 | K16: 213 | L16: #FutureOfDriving | M16: FSDUpdate | N16: =(Posts11[[#This Row],[Likes]]+Posts11[[#This Row],[Shares]]+Posts11[[#This Row],[Comments]])/Posts11[[#This Row],[Impressions]] -> 0.12885406
A17: P013 | B17: YouTube | C17: 45614 | D17: Carousel | E17: Check out our latest carousel on youtube! | F17: 1171 | G17: 286 | H17: 231 | I17: 22249 | J17: 21282 | K17: 114 | L17: #EVRevolution | M17: CybertruckLaunch | N17: =(Posts11[[#This Row],[Likes]]+Posts11[[#This Row],[Shares]]+Posts11[[#This Row],[Comments]])/Posts11[[#This Row],[Impressions]] -> 0.075868578
A18: P014 | B18: Facebook | C18: 45704 | D18: Story | E18: Check out our latest story on facebook! | F18: 4242 | G18: 555 | H18: 131 | I18: 33936 | J18: 33802 | K18: 265 | L18: #FutureOfDriving | N18: =(Posts11[[#This Row],[Likes]]+Posts11[[#This Row],[Shares]]+Posts11[[#This Row],[Comments]])/Posts11[[#This Row],[Impressions]] -> 0.14521452
A19: P015 | B19: Facebook | C19: 45589 | D19: Video | E19: Check out our latest video on facebook! | F19: 3888 | G19: 604 | H19: 128 | I19: 77760 | J19: 77167 | K19: 20 | L19: #FutureOfDriving | M19: CybertruckLaunch | N19: =(Posts11[[#This Row],[Likes]]+Posts11[[#This Row],[Shares]]+Posts11[[#This Row],[Comments]])/Posts11[[#This Row],[Impressions]] -> 0.05941358
A20: P016 | B20: Facebook | C20: 45530 | D20: Text | E20: Check out our latest text on facebook! | F20: 3452 | G20: 377 | H20: 360 | I20: 55232 | J20: 55075 | K20: 87 | L20: #FutureOfDriving | M20: FSDUpdate | N20: =(Posts11[[#This Row],[Likes]]+Posts11[[#This Row],[Shares]]+Posts11[[#This Row],[Comments]])/Posts11[[#This Row],[Impressions]] -> 0.075843714
A21: P017 | B21: Facebook | C21: 45782 | D21: Text | E21: Check out our latest text on facebook! | F21: 4441 | G21: 511 | H21: 70 | I21: 53292 | J21: 53082 | K21: 159 | L21: #EVRevolution | M21: SustainabilityDrive | N21: =(Posts11[[#This Row],[Likes]]+Posts11[[#This Row],[Shares]]+Posts11[[#This Row],[Comments]])/Posts11[[#This Row],[Impressions]] -> 0.094235533
A22: P018 | B22: Instagram | C22: 45523 | D22: Reel | E22: Check out our latest reel on instagram! | F22: 3000 | G22: 382 | H22: 325 | I22: 36000 | J22: 35819 | K22: 19 | L22: #FutureOfDriving | M22: CybertruckLaunch | N22: =(Posts11[[#This Row],[Likes]]+Posts11[[#This Row],[Shares]]+Posts11[[#This Row],[Comments]])/Posts11[[#This Row],[Impressions]] -> 0.10297222
A23: P019 | B23: Instagram | C23: 45466 | D23: Video | E23: Check out our latest video on instagram! | F23: 1071 | G23: 519 | H23: 22 | I23: 16065 | J23: 15865 | K23: 103 | L23: #TeslaCoInnovation | M23: SustainabilityDrive | N23: =(Posts11[[#This Row],[Likes]]+Posts11[[#This Row],[Shares]]+Posts11[[#This Row],[Comments]])/Posts11[[#This Row],[Impressions]] -> 0.10034236
A24: P020 | B24: Instagram | C24: 45544 | D24: Carousel | E24: Check out our latest carousel on instagram! | F24: 4054 | G24: 488 | H24: 373 | I24: 77026 | J24: 76881 | K24: 25 | L24: #TeslaCoInnovation | M24: CybertruckLaunch | N24: =(Posts11[[#This Row],[Likes]]+Posts11[[#This Row],[Shares]]+Posts11[[#This Row],[Comments]])/Posts11[[#This Row],[Impressions]] -> 0.063809623
A25: P021 | B25: Instagram | C25: 45661 | D25: Reel | E25: Check out our latest reel on instagram! | F25: 4838 | G25: 640 | H25: 128 | I25: 72570 | J25: 72396 | K25: 83 | L25: #FutureOfDriving | M25: SustainabilityDrive | N25: =(Posts11[[#This Row],[Likes]]+Posts11[[#This Row],[Shares]]+Posts11[[#This Row],[Comments]])/Posts11[[#This Row],[Impressions]] -> 0.077249552
A26: P022 | B26: Facebook | C26: 45715 | D26: Text | E26: Check out our latest text on facebook! | F26: 1570 | G26: 187 | H26: 260 | I26: 25120 | J26: 24613 | K26: 133 | L26: #TeslaCoInnovation | M26: SustainabilityDrive | N26: =(Posts11[[#This Row],[Likes]]+Posts11[[#This Row],[Shares]]+Posts11[[#This Row],[Comments]])/Posts11[[#This Row],[Impressions]] -> 0.080294586
A27: P023 | B27: Facebook | C27: 45602 | D27: Video | E27: Check out our latest video on facebook! | F27: 1606 | G27: 547 | H27: 316 | I27: 32120 | J27: 31736 | K27: 225 | L27: #TeslaCoInnovation | M27: ModelYCampaign | N27: =(Posts11[[#This Row],[Likes]]+Posts11[[#This Row],[Shares]]+Posts11[[#This Row],[Comments]])/Posts11[[#This Row],[Impressions]] -> 0.076867995
A28: P023 | B28: Facebook | C28: 45602 | D28: Video | E28: Check out our latest video on facebook! | F28: 1606 | G28: 547 | H28: 316 | I28: 32120 | J28: 31736 | K28: 225 | L28: #AnytimeIsTeslaTime | M28: ModelYCampaign | N28: =(Posts11[[#This Row],[Likes]]+Posts11[[#This Row],[Shares]]+Posts11[[#This Row],[Comments]])/Posts11[[#This Row],[Impressions]] -> 0.076867995
A29: P024 | B29: Facebook | C29: 45680 | D29: Video | E29: Check out our latest video on facebook! | F29: 3961 | G29: 761 | H29: 131 | I29: 67337 | J29: 66615 | K29: 161 | L29: #FutureOfDriving | M29: FSDUpdate | N29: =(Posts11[[#This Row],[Likes]]+Posts11[[#This Row],[Shares]]+Posts11[[#This Row],[Comments]])/Posts11[[#This Row],[Impressions]] -> 0.072070333
A30: P025 | B30: Twitter | C30: 45757 | D30: Carousel | E30: Check out our latest carousel on twitter! | F30: 3128 | G30: 211 | H30: 197 | I30: 59432 | J30: 59182 | K30: 238 | L30: #EVRevolution | N30: =(Posts11[[#This Row],[Likes]]+Posts11[[#This Row],[Shares]]+Posts11[[#This Row],[Comments]])/Posts11[[#This Row],[Impressions]] -> 0.059496568
A31: P026 | B31: YouTube | C31: 45752 | D31: Reel | E31: Check out our latest reel on youtube! | F31: 3009 | G31: 413 | H31: 358 | I31: 42126 | J31: 41309 | K31: 211 | L31: #FutureOfDriving | M31: ModelYCampaign | N31: =(Posts11[[#This Row],[Likes]]+Posts11[[#This Row],[Shares]]+Posts11[[#This Row],[Comments]])/Posts11[[#This Row],[Impressions]] -> 0.089730808
A32: P027 | B32: YouTube | C32: 45552 | D32: Text | E32: Check out our latest text on youtube! | F32: 2076 | G32: 195 | H32: 104 | I32: 33216 | J32: 32244 | K32: 51 | L32: #FutureOfDriving | M32: SustainabilityDrive | N32: =(Posts11[[#This Row],[Likes]]+Posts11[[#This Row],[Shares]]+Posts11[[#This Row],[Comments]])/Posts11[[#This Row],[Impressions]] -> 0.071501686
A33: P028 | B33: Instagram | C33: 45720 | D33: Video | E33: Check out our latest video on instagram! | F33: 432 | G33: 624 | H33: 123 | I33: 6912 | J33: 6259 | K33: 79 | L33: #FutureOfDriving | M33: SustainabilityDrive | N33: =(Posts11[[#This Row],[Likes]]+Posts11[[#This Row],[Shares]]+Posts11[[#This Row],[Comments]])/Posts11[[#This Row],[Impressions]] -> 0.17057292
A34: P029 | B34: Instagram | C34: 45688 | D34: Carousel | E34: Check out our latest carousel on instagram! | F34: 2566 | G34: 118 | H34: 37 | I34: 12830 | J34: 12264 | K34: 221 | L34: #FutureOfDriving | M34: FSDUpdate | N34: =(Posts11[[#This Row],[Likes]]+Posts11[[#This Row],[Shares]]+Posts11[[#This Row],[Comments]])/Posts11[[#This Row],[Impressions]] -> 0.21208106
A35: P030 | B35: Instagram | C35: 45713 | D35: Video | E35: Check out our latest video on instagram! | F35: 3095 | G35: 39 | H35: 78 | I35: 55710 | J35: 54808 | K35: 93 | L35: #EVRevolution | N35: =(Posts11[[#This Row],[Likes]]+Posts11[[#This Row],[Shares]]+Posts11[[#This Row],[Comments]])/Posts11[[#This Row],[Impressions]] -> 0.057655717
A36: P031 | B36: Instagram | C36: 45642 | D36: Text | E36: Check out our latest text on instagram! | F36: 438 | G36: 153 | H36: 275 | I36: 3066 | J36: 2701 | K36: 282 | L36: #TeslaCoInnovation | M36: ModelYCampaign | N36: =(Posts11[[#This Row],[Likes]]+Posts11[[#This Row],[Shares]]+Posts11[[#This Row],[Comments]])/Posts11[[#This Row],[Impressions]] -> 0.28245271
A37: P032 | B37: Twitter | C37: 45504 | D37: Carousel | E37: Check out our latest carousel on twitter! | F37: 2278 | G37: 10 | H37: 321 | I37: 13668 | J37: 12676 | K37: 275 | L37: #EVRevolution | M37: CybertruckLaunch | N37: =(Posts11[[#This Row],[Likes]]+Posts11[[#This Row],[Shares]]+Posts11[[#This Row],[Comments]])/Posts11[[#This Row],[Impressions]] -> 0.19088382
A38: P033 | B38: Facebook | C38: 45525 | D38: Image | E38: Check out our latest image on facebook! | F38: 1407 | G38: 400 | H38: 351 | I38: 16884 | J38: 15954 | K38: 113 | L38: #TeslaCoInnovation | M38: CybertruckLaunch | N38: =(Posts11[[#This Row],[Likes]]+Posts11[[#This Row],[Shares]]+Posts11[[#This Row],[Comments]])/Posts11[[#This Row],[Impressions]] -> 0.12781331
A39: P034 | B39: Facebook | C39: 45742 | D39: Text | E39: Check out our latest text on facebook! | F39: 1652 | G39: 89 | H39: 357 | I39: 29736 | J39: 28771 | K39: 215 | L39: #TeslaCoInnovation | M39: FSDUpdate | N39: =(Posts11[[#This Row],[Likes]]+Posts11[[#This Row],[Shares]]+Posts11[[#This Row],[Comments]])/Posts11[[#This Row],[Impressions]] -> 0.07055421
A40: P035 | B40: Instagram | C40: 45626 | D40: Video | E40: Check out our latest video on instagram! | F40: 3775 | G40: 16 | H40: 239 | I40: 33975 | J40: 33310 | K40: 271 | L40: #FutureOfDriving | M40: ModelYCampaign | N40: =(Posts11[[#This Row],[Likes]]+Posts11[[#This Row],[Shares]]+Posts11[[#This Row],[Comments]])/Posts11[[#This Row],[Impressions]] -> 0.11861663
A41: P036 | B41: Instagram | C41: 45766 | D41: Story | E41: Check out our latest story on instagram! | F41: 4518 | G41: 285 | H41: 383 | I41: 67770 | J41: 67621 | K41: 31 | L41: #EVRevolution | M41: ModelYCampaign | N41: =(Posts11[[#This Row],[Likes]]+Posts11[[#This Row],[Shares]]+Posts11[[#This Row],[Comments]])/Posts11[[#This Row],[Impressions]] -> 0.076523535
A42: P037 | B42: Facebook | C42: 45663 | D42: Carousel | E42: Check out our latest carousel on facebook! | F42: 3024 | G42: 925 | H42: 350 | I42: 24192 | J42: 23518 | K42: 36 | L42: #EVRevolution | M42: ModelYCampaign | N42: =(Posts11[[#This Row],[Likes]]+Posts11[[#This Row],[Shares]]+Posts11[[#This Row],[Comments]])/Posts11[[#This Row],[Impressions]] -> 0.17770337
A43: P038 | B43: YouTube | C43: 45705 | D43: Reel | E43: Check out our latest reel on youtube! | F43: 3138 | G43: 123 | H43: 291 | I43: 28242 | J43: 27550 | K43: 87 | L43: #TeslaCoInnovation | M43: SustainabilityDrive | N43: =(Posts11[[#This Row],[Likes]]+Posts11[[#This Row],[Shares]]+Posts11[[#This Row],[Comments]])/Posts11[[#This Row],[Impressions]] -> 0.12577013
A44: P039 | B44: Facebook | C44: 45621 | D44: Image | E44: Check out our latest image on facebook! | F44: 3564 | G44: 629 | H44: 177 | I44: 60588 | J44: 59627 | K44: 92 | L44: #TeslaCoInnovation | N44: =(Posts11[[#This Row],[Likes]]+Posts11[[#This Row],[Shares]]+Posts11[[#This Row],[Comments]])/Posts11[[#This Row],[Impressions]] -> 0.072126494
A45: P040 | B45: Twitter | C45: 45723 | D45: Image | E45: Check out our latest image on twitter! | F45: 4750 | G45: 151 | H45: 415 | I45: 38000 | J45: 37792 | K45: 299 | L45: #EVRevolution | M45: SustainabilityDrive | N45: =(Posts11[[#This Row],[Likes]]+Posts11[[#This Row],[Shares]]+Posts11[[#This Row],[Comments]])/Posts11[[#This Row],[Impressions]] -> 0.13989474
A46: P041 | B46: Instagram | C46: 45724 | D46: Reel | E46: Check out our latest reel on instagram! | F46: 456 | G46: 629 | H46: 428 | I46: 8208 | J46: 7377 | K46: 205 | L46: #FutureOfDriving | M46: SustainabilityDrive | N46: =(Posts11[[#This Row],[Likes]]+Posts11[[#This Row],[Shares]]+Posts11[[#This Row],[Comments]])/Posts11[[#This Row],[Impressions]] -> 0.18433236
A47: P042 | B47: YouTube | C47: 45721 | D47: Reel | E47: Check out our latest reel on youtube! | F47: 1543 | G47: 820 | H47: 333 | I47: 12344 | J47: 11496 | K47: 241 | L47: #EVRevolution | N47: =(Posts11[[#This Row],[Likes]]+Posts11[[#This Row],[Shares]]+Posts11[[#This Row],[Comments]])/Posts11[[#This Row],[Impressions]] -> 0.2184057
A48: P043 | B48: Instagram | C48: 45640 | D48: Carousel | E48: Check out our latest carousel on instagram! | F48: 2174 | G48: 658 | H48: 15 | I48: 13044 | J48: 12206 | K48: 137 | L48: #TeslaCoInnovation | M48: FSDUpdate | N48: =(Posts11[[#This Row],[Likes]]+Posts11[[#This Row],[Shares]]+Posts11[[#This Row],[Comments]])/Posts11[[#This Row],[Impressions]] -> 0.21826127
A49: P044 | B49: Twitter | C49: 45718 | D49: Image | E49: Check out our latest image on twitter! | F49: 2358 | G49: 784 | H49: 344 | I49: 35370 | J49: 34475 | K49: 216 | L49: #TeslaCoInnovation | N49: =(Posts11[[#This Row],[Likes]]+Posts11[[#This Row],[Shares]]+Posts11[[#This Row],[Comments]])/Posts11[[#This Row],[Impressions]] -> 0.0985581
A50: P045 | B50: Facebook | C50: 45597 | D50: Video | E50: Check out our latest video on facebook! | F50: 3371 | G50: 106 | H50: 327 | I50: 50565 | J50: 49816 | K50: 176 | L50: #FutureOfDriving | M50: CybertruckLaunch | N50: =(Posts11[[#This Row],[Likes]]+Posts11[[#This Row],[Shares]]+Posts11[[#This Row],[Comments]])/Posts11[[#This Row],[Impressions]] -> 0.075229902
A51: P046 | B51: Twitter | C51: 45779 | D51: Video | E51: Check out our latest video on twitter! | F51: 1108 | G51: 177 | H51: 212 | I51: 8864 | J51: 8710 | K51: 97 | L51: #TeslaCoInnovation | M51: SustainabilityDrive | N51: =(Posts11[[#This Row],[Likes]]+Posts11[[#This Row],[Shares]]+Posts11[[#This Row],[Comments]])/Posts11[[#This Row],[Impressions]] -> 0.16888538
A52: P047 | B52: Twitter | C52: 45712 | D52: Carousel | E52: Check out our latest carousel on twitter! | F52: 2704 | G52: 752 | H52: 153 | I52: 21632 | J52: 20792 | K52: 127 | L52: #FutureOfDriving | N52: =(Posts11[[#This Row],[Likes]]+Posts11[[#This Row],[Shares]]+Posts11[[#This Row],[Comments]])/Posts11[[#This Row],[Impressions]] -> 0.16683617
A53: P048 | B53: Twitter | C53: 45727 | D53: Story | E53: Check out our latest story on twitter! | F53: 1950 | G53: 295 | H53: 478 | I53: 37050 | J53: 36272 | K53: 119 | L53: #TeslaCoInnovation | N53: =(Posts11[[#This Row],[Likes]]+Posts11[[#This Row],[Shares]]+Posts11[[#This Row],[Comments]])/Posts11[[#This Row],[Impressions]] -> 0.073495277
A54: P049 | B54: Twitter | C54: 45453 | D54: Story | E54: Check out our latest story on twitter! | F54: 2164 | G54: 549 | H54: 274 | I54: 28132 | J54: 27361 | K54: 177 | L54: #TeslaCoInnovation | M54: SustainabilityDrive | N54: =(Posts11[[#This Row],[Likes]]+Posts11[[#This Row],[Shares]]+Posts11[[#This Row],[Comments]])/Posts11[[#This Row],[Impressions]] -> 0.10617802
A55: P050 | B55: YouTube | C55: 45476 | D55: Story | E55: Check out our latest story on youtube! | F55: 2754 | G55: 130 | H55: 90 | I55: 22032 | J55: 21288 | K55: 112 | L55: #TeslaCoInnovation | M55: FSDUpdate | N55: =(Posts11[[#This Row],[Likes]]+Posts11[[#This Row],[Shares]]+Posts11[[#This Row],[Comments]])/Posts11[[#This Row],[Impressions]] -> 0.13498548
A56: P051 | B56: Facebook | C56: 45456 | D56: Carousel | E56: Check out our latest carousel on facebook! | F56: 2200 | G56: 504 | H56: 239 | I56: 37400 | J56: 36938 | K56: 225 | L56: #FutureOfDriving | M56: ModelYCampaign | N56: =(Posts11[[#This Row],[Likes]]+Posts11[[#This Row],[Shares]]+Posts11[[#This Row],[Comments]])/Posts11[[#This Row],[Impressions]] -> 0.07868984
A57: P052 | B57: Facebook | C57: 45660 | D57: Image | E57: Check out our latest image on facebook! | F57: 947 | G57: 338 | H57: 350 | I57: 10417 | J57: 9730 | K57: 34 | L57: #TeslaCoInnovation | M57: SustainabilityDrive | N57: =(Posts11[[#This Row],[Likes]]+Posts11[[#This Row],[Shares]]+Posts11[[#This Row],[Comments]])/Posts11[[#This Row],[Impressions]] -> 0.15695498
A58: P053 | B58: YouTube | C58: 45712 | D58: Carousel | E58: Check out our latest carousel on youtube! | F58: 804 | G58: 639 | H58: 43 | I58: 4020 | J58: 3144 | K58: 11 | L58: #EVRevolution | N58: =(Posts11[[#This Row],[Likes]]+Posts11[[#This Row],[Shares]]+Posts11[[#This Row],[Comments]])/Posts11[[#This Row],[Impressions]] -> 0.36965174
A59: P053 | B59: YouTube | C59: 45712 | D59: Carousel | E59: Check out our latest carousel on youtube! | F59: 804 | G59: 639 | H59: 43 | I59: 4020 | J59: 3144 | K59: 11 | L59: #BetterWithTesla | N59: =(Posts11[[#This Row],[Likes]]+Posts11[[#This Row],[Shares]]+Posts11[[#This Row],[Comments]])/Posts11[[#This Row],[Impressions]] -> 0.36965174
A60: P054 | B60: YouTube | C60: 45729 | D60: Carousel | E60: Check out our latest carousel on youtube! | F60: 1686 | G60: 904 | H60: 472 | I60: 18546 | J60: 18171 | K60: 52 | L60: #FutureOfDriving | M60: ModelYCampaign | N60: =(Posts11[[#This Row],[Likes]]+Posts11[[#This Row],[Shares]]+Posts11[[#This Row],[Comments]])/Posts11[[#This Row],[Impressions]] -> 0.16510299
A61: P055 | B61: Facebook | C61: 45460 | D61: Image | E61: Check out our latest image on facebook! | F61: 1226 | G61: 119 | H61: 7 | I61: 14712 | J61: 14049 | K61: 123 | L61: #EVRevolution | M61: SustainabilityDrive | N61: =(Posts11[[#This Row],[Likes]]+Posts11[[#This Row],[Shares]]+Posts11[[#This Row],[Comments]])/Posts11[[#This Row],[Impressions]] -> 0.091897771
A62: P056 | B62: Facebook | C62: 45644 | D62: Carousel | E62: Check out our latest carousel on facebook! | F62: 2946 | G62: 498 | H62: 367 | I62: 29460 | J62: 28527 | K62: 60 | L62: #FutureOfDriving | M62: FSDUpdate | N62: =(Posts11[[#This Row],[Likes]]+Posts11[[#This Row],[Shares]]+Posts11[[#This Row],[Comments]])/Posts11[[#This Row],[Impressions]] -> 0.12936185
A63: P057 | B63: Twitter | C63: 45586 | D63: Video | E63: Check out our latest video on twitter! | F63: 2825 | G63: 535 | H63: 295 | I63: 45200 | J63: 44739 | K63: 169 | L63: #TeslaCoInnovation | M63: CybertruckLaunch | N63: =(Posts11[[#This Row],[Likes]]+Posts11[[#This Row],[Shares]]+Posts11[[#This Row],[Comments]])/Posts11[[#This Row],[Impressions]] -> 0.080862832
A64: P058 | B64: Instagram | C64: 45762 | D64: Reel | E64: Check out our latest reel on instagram! | F64: 103 | G64: 770 | H64: 19 | I64: 1030 | J64: 410 | K64: 262 | L64: #TeslaCoInnovation | M64: SustainabilityDrive | N64: =(Posts11[[#This Row],[Likes]]+Posts11[[#This Row],[Shares]]+Posts11[[#This Row],[Comments]])/Posts11[[#This Row],[Impressions]] -> 0.86601942
A65: P059 | B65: Instagram | C65: 45465 | D65: Text | E65: Check out our latest text on instagram! | F65: 2180 | G65: 263 | H65: 387 | I65: 30520 | J65: 30059 | K65: 174 | L65: #EVRevolution | N65: =(Posts11[[#This Row],[Likes]]+Posts11[[#This Row],[Shares]]+Posts11[[#This Row],[Comments]])/Posts11[[#This Row],[Impressions]] -> 0.092726081
A66: P060 | B66: Instagram | C66: 45685 | D66: Video | E66: Check out our latest video on instagram! | F66: 904 | G66: 973 | H66: 63 | I66: 11752 | J66: 11580 | K66: 84 | L66: #EVRevolution | M66: FSDUpdate | N66: =(Posts11[[#This Row],[Likes]]+Posts11[[#This Row],[Shares]]+Posts11[[#This Row],[Comments]])/Posts11[[#This Row],[Impressions]] -> 0.16507828
A67: P060 | B67: Instagram | C67: 45685 | D67: Video | E67: Check out our latest video on instagram! | F67: 904 | G67: 973 | H67: 63 | I67: 11752 | J67: 11580 | K67: 84 | L67: #TeslaCoInnovation | M67: FSDUpdate | N67: =(Posts11[[#This Row],[Likes]]+Posts11[[#This Row],[Shares]]+Posts11[[#This Row],[Comments]])/Posts11[[#This Row],[Impressions]] -> 0.16507828
A68: P060 | B68: Instagram | C68: 45685 | D68: Video | E68: Check out our latest video on instagram! | F68: 904 | G68: 973 | H68: 63 | I68: 11752 | J68: 11580 | K68: 84 | L68: #AnytimeIsTeslaTime | M68: FSDUpdate | N68: =(Posts11[[#This Row],[Likes]]+Posts11[[#This Row],[Shares]]+Posts11[[#This Row],[Comments]])/Posts11[[#This Row],[Impressions]] -> 0.16507828
A69: P061 | B69: Twitter | C69: 45540 | D69: Video | E69: Check out our latest video on twitter! | F69: 4886 | G69: 983 | H69: 409 | I69: 43974 | J69: 43239 | K69: 65 | L69: #TeslaCoInnovation | M69: CybertruckLaunch | N69: =(Posts11[[#This Row],[Likes]]+Posts11[[#This Row],[Shares]]+Posts11[[#This Row],[Comments]])/Posts11[[#This Row],[Impressions]] -> 0.14276618
A70: P062 | B70: Twitter | C70: 45618 | D70: Carousel | E70: Check out our latest carousel on twitter! | F70: 53 | G70: 81 | H70: 379 | I70: 954 | J70: 7 | K70: 148 | L70: #TeslaCoInnovation | M70: FSDUpdate | N70: =(Posts11[[#This Row],[Likes]]+Posts11[[#This Row],[Shares]]+Posts11[[#This Row],[Comments]])/Posts11[[#This Row],[Impressions]] -> 0.53773585
A71: P063 | B71: Twitter | C71: 45504 | D71: Carousel | E71: Check out our latest carousel on twitter! | F71: 4507 | G71: 217 | H71: 13 | I71: 90140 | J71: 89591 | K71: 125 | L71: #FutureOfDriving | M71: FSDUpdate | N71: =(Posts11[[#This Row],[Likes]]+Posts11[[#This Row],[Shares]]+Posts11[[#This Row],[Comments]])/Posts11[[#This Row],[Impressions]] -> 0.052551586
A72: P064 | B72: Facebook | C72: 45521 | D72: Image | E72: Check out our latest image on facebook! | F72: 2878 | G72: 248 | H72: 416 | I72: 43170 | J72: 42667 | K72: 75 | L72: #FutureOfDriving | M72: FSDUpdate | N72: =(Posts11[[#This Row],[Likes]]+Posts11[[#This Row],[Shares]]+Posts11[[#This Row],[Comments]])/Posts11[[#This Row],[Impressions]] -> 0.082047718
A73: P065 | B73: Instagram | C73: 45744 | D73: Story | E73: Check out our latest story on instagram! | F73: 1881 | G73: 501 | H73: 99 | I73: 20691 | J73: 19987 | K73: 289 | L73: #EVRevolution | N73: =(Posts11[[#This Row],[Likes]]+Posts11[[#This Row],[Shares]]+Posts11[[#This Row],[Comments]])/Posts11[[#This Row],[Impressions]] -> 0.11990721
A74: P066 | B74: Twitter | C74: 45499 | D74: Carousel | E74: Check out our latest carousel on twitter! | F74: 432 | G74: 171 | H74: 280 | I74: 3024 | J74: 2285 | K74: 184 | L74: #EVRevolution | M74: CybertruckLaunch | N74: =(Posts11[[#This Row],[Likes]]+Posts11[[#This Row],[Shares]]+Posts11[[#This Row],[Comments]])/Posts11[[#This Row],[Impressions]] -> 0.29199735
A75: P067 | B75: Facebook | C75: 45745 | D75: Carousel | E75: Check out our latest carousel on facebook! | F75: 4712 | G75: 568 | H75: 127 | I75: 84816 | J75: 84691 | K75: 100 | L75: #EVRevolution | M75: FSDUpdate | N75: =(Posts11[[#This Row],[Likes]]+Posts11[[#This Row],[Shares]]+Posts11[[#This Row],[Comments]])/Posts11[[#This Row],[Impressions]] -> 0.063749764
A76: P068 | B76: Instagram | C76: 45634 | D76: Story | E76: Check out our latest story on instagram! | F76: 2610 | G76: 126 | H76: 288 | I76: 15660 | J76: 15145 | K76: 73 | L76: #EVRevolution | N76: =(Posts11[[#This Row],[Likes]]+Posts11[[#This Row],[Shares]]+Posts11[[#This Row],[Comments]])/Posts11[[#This Row],[Impressions]] -> 0.19310345
A77: P069 | B77: Twitter | C77: 45724 | D77: Text | E77: Check out our latest text on twitter! | F77: 1292 | G77: 626 | H77: 496 | I77: 25840 | J77: 24916 | K77: 149 | L77: #FutureOfDriving | M77: FSDUpdate | N77: =(Posts11[[#This Row],[Likes]]+Posts11[[#This Row],[Shares]]+Posts11[[#This Row],[Comments]])/Posts11[[#This Row],[Impressions]] -> 0.093421053
A78: P070 | B78: Facebook | C78: 45749 | D78: Video | E78: Check out our latest video on facebook! | F78: 199 | G78: 772 | H78: 400 | I78: 3582 | J78: 2988 | K78: 43 | L78: #TeslaCoInnovation | N78: =(Posts11[[#This Row],[Likes]]+Posts11[[#This Row],[Shares]]+Posts11[[#This Row],[Comments]])/Posts11[[#This Row],[Impressions]] -> 0.38274707
A79: P071 | B79: YouTube | C79: 45537 | D79: Carousel | E79: Check out our latest carousel on youtube! | F79: 2551 | G79: 915 | H79: 205 | I79: 30612 | J79: 30360 | K79: 227 | L79: #TeslaCoInnovation | M79: ModelYCampaign | N79: =(Posts11[[#This Row],[Likes]]+Posts11[[#This Row],[Shares]]+Posts11[[#This Row],[Comments]])/Posts11[[#This Row],[Impressions]] -> 0.11992029
A80: P072 | B80: YouTube | C80: 45719 | D80: Reel | E80: Check out our latest reel on youtube! | F80: 296 | G80: 60 | H80: 141 | I80: 5624 | J80: 5239 | K80: 88 | L80: #EVRevolution | M80: ModelYCampaign | N80: =(Posts11[[#This Row],[Likes]]+Posts11[[#This Row],[Shares]]+Posts11[[#This Row],[Comments]])/Posts11[[#This Row],[Impressions]] -> 0.088371266
A81: P073 | B81: Facebook | C81: 45583 | D81: Story | E81: Check out our latest story on facebook! | F81: 4126 | G81: 426 | H81: 486 | I81: 78394 | J81: 77798 | K81: 88 | L81: #FutureOfDriving | M81: SustainabilityDrive | N81: =(Posts11[[#This Row],[Likes]]+Posts11[[#This Row],[Shares]]+Posts11[[#This Row],[Comments]])/Posts11[[#This Row],[Impressions]] -> 0.064265122
A82: P074 | B82: YouTube | C82: 45593 | D82: Reel | E82: Check out our latest reel on youtube! | F82: 1855 | G82: 200 | H82: 174 | I82: 16695 | J82: 16330 | K82: 123 | L82: #TeslaCoInnovation | M82: FSDUpdate | N82: =(Posts11[[#This Row],[Likes]]+Posts11[[#This Row],[Shares]]+Posts11[[#This Row],[Comments]])/Posts11[[#This Row],[Impressions]] -> 0.13351303
A83: P075 | B83: Instagram | C83: 45505 | D83: Reel | E83: Check out our latest reel on instagram! | F83: 1674 | G83: 929 | H83: 37 | I83: 21762 | J83: 20998 | K83: 255 | L83: #TeslaCoInnovation | M83: SustainabilityDrive | N83: =(Posts11[[#This Row],[Likes]]+Posts11[[#This Row],[Shares]]+Posts11[[#This Row],[Comments]])/Posts11[[#This Row],[Impressions]] -> 0.12131238
A84: P076 | B84: Twitter | C84: 45603 | D84: Story | E84: Check out our latest story on twitter! | F84: 1121 | G84: 135 | H84: 18 | I84: 15694 | J84: 14957 | K84: 99 | L84: #TeslaCoInnovation | M84: SustainabilityDrive | N84: =(Posts11[[#This Row],[Likes]]+Posts11[[#This Row],[Shares]]+Posts11[[#This Row],[Comments]])/Posts11[[#This Row],[Impressions]] -> 0.08117752
A85: P077 | B85: Facebook | C85: 45720 | D85: Story | E85: Check out our latest story on facebook! | F85: 1249 | G85: 116 | H85: 420 | I85: 8743 | J85: 8538 | K85: 63 | L85: #TeslaCoInnovation | N85: =(Posts11[[#This Row],[Likes]]+Posts11[[#This Row],[Shares]]+Posts11[[#This Row],[Comments]])/Posts11[[#This Row],[Impressions]] -> 0.20416333
A86: P078 | B86: Twitter | C86: 45460 | D86: Image | E86: Check out our latest image on twitter! | F86: 954 | G86: 324 | H86: 288 | I86: 19080 | J86: 18859 | K86: 21 | L86: #FutureOfDriving | M86: SustainabilityDrive | N86: =(Posts11[[#This Row],[Likes]]+Posts11[[#This Row],[Shares]]+Posts11[[#This Row],[Comments]])/Posts11[[#This Row],[Impressions]] -> 0.082075472
A87: P079 | B87: Instagram | C87: 45574 | D87: Carousel | E87: Check out our latest carousel on instagram! | F87: 3068 | G87: 137 | H87: 329 | I87: 39884 | J87: 39404 | K87: 266 | L87: #EVRevolution | M87: ModelYCampaign | N87: =(Posts11[[#This Row],[Likes]]+Posts11[[#This Row],[Shares]]+Posts11[[#This Row],[Comments]])/Posts11[[#This Row],[Impressions]] -> 0.08860696
A88: P080 | B88: Instagram | C88: 45456 | D88: Story | E88: Check out our latest story on instagram! | F88: 2103 | G88: 892 | H88: 103 | I88: 39957 | J88: 39466 | K88: 28 | L88: #FutureOfDriving | N88: =(Posts11[[#This Row],[Likes]]+Posts11[[#This Row],[Shares]]+Posts11[[#This Row],[Comments]])/Posts11[[#This Row],[Impressions]] -> 0.077533348
A89: P081 | B89: Instagram | C89: 45584 | D89: Story | E89: Check out our latest story on instagram! | F89: 1816 | G89: 29 | H89: 41 | I89: 19976 | J89: 19262 | K89: 283 | L89: #TeslaCoInnovation | M89: FSDUpdate | N89: =(Posts11[[#This Row],[Likes]]+Posts11[[#This Row],[Shares]]+Posts11[[#This Row],[Comments]])/Posts11[[#This Row],[Impressions]] -> 0.094413296
A90: P082 | B90: Instagram | C90: 45497 | D90: Image | E90: Check out our latest image on instagram! | F90: 725 | G90: 88 | H90: 428 | I90: 14500 | J90: 13637 | K90: 200 | L90: #FutureOfDriving | M90: FSDUpdate | N90: =(Posts11[[#This Row],[Likes]]+Posts11[[#This Row],[Shares]]+Posts11[[#This Row],[Comments]])/Posts11[[#This Row],[Impressions]] -> 0.085586207
A91: P082 | B91: Instagram | C91: 45497 | D91: Image | E91: Check out our latest image on instagram! | F91: 725 | G91: 88 | H91: 428 | I91: 14500 | J91: 13637 | K91: 200 | L91: #TeslaCoInnovation | M91: FSDUpdate | N91: =(Posts11[[#This Row],[Likes]]+Posts11[[#This Row],[Shares]]+Posts11[[#This Row],[Comments]])/Posts11[[#This Row],[Impressions]] -> 0.085586207
A92: P082 | B92: Instagram | C92: 45497 | D92: Image | E92: Check out our latest image on instagram! | F92: 725 | G92: 88 | H92: 428 | I92: 14500 | J92: 13637 | K92: 200 | L92: #AnytimeIsTeslaTime | M92: FSDUpdate | N92: =(Posts11[[#This Row],[Likes]]+Posts11[[#This Row],[Shares]]+Posts11[[#This Row],[Comments]])/Posts11[[#This Row],[Impressions]] -> 0.085586207
A93: P083 | B93: YouTube | C93: 45580 | D93: Video | E93: Check out our latest video on youtube! | F93: 1094 | G93: 472 | H93: 21 | I93: 9846 | J93: 9609 | K93: 112 | L93: #EVRevolution | N93: =(Posts11[[#This Row],[Likes]]+Posts11[[#This Row],[Shares]]+Posts11[[#This Row],[Comments]])/Posts11[[#This Row],[Impressions]] -> 0.16118221
A94: P084 | B94: Facebook | C94: 45635 | D94: Image | E94: Check out our latest image on facebook! | F94: 1841 | G94: 851 | H94: 342 | I94: 34979 | J94: 34154 | K94: 255 | L94: #FutureOfDriving | M94: SustainabilityDrive | N94: =(Posts11[[#This Row],[Likes]]+Posts11[[#This Row],[Shares]]+Posts11[[#This Row],[Comments]])/Posts11[[#This Row],[Impressions]] -> 0.086737757
A95: P085 | B95: Instagram | C95: 45766 | D95: Image | E95: Check out our latest image on instagram! | F95: 4177 | G95: 569 | H95: 55 | I95: 25062 | J95: 24847 | K95: 230 | L95: #FutureOfDriving | M95: CybertruckLaunch | N95: =(Posts11[[#This Row],[Likes]]+Posts11[[#This Row],[Shares]]+Posts11[[#This Row],[Comments]])/Posts11[[#This Row],[Impressions]] -> 0.19156492
A96: P086 | B96: YouTube | C96: 45684 | D96: Text | E96: Check out our latest text on youtube! | F96: 3428 | G96: 305 | H96: 85 | I96: 58276 | J96: 58052 | K96: 242 | L96: #EVRevolution | M96: SustainabilityDrive | N96: =(Posts11[[#This Row],[Likes]]+Posts11[[#This Row],[Shares]]+Posts11[[#This Row],[Comments]])/Posts11[[#This Row],[Impressions]] -> 0.065515821
A97: P086 | B97: YouTube | C97: 45684 | D97: Text | E97: Check out our latest text on youtube! | F97: 3428 | G97: 305 | H97: 85 | I97: 58276 | J97: 58052 | K97: 242 | L97: #BetterWithTesla | M97: SustainabilityDrive | N97: =(Posts11[[#This Row],[Likes]]+Posts11[[#This Row],[Shares]]+Posts11[[#This Row],[Comments]])/Posts11[[#This Row],[Impressions]] -> 0.065515821
A98: P087 | B98: Twitter | C98: 45449 | D98: Video | E98: Check out our latest video on twitter! | F98: 1436 | G98: 765 | H98: 496 | I98: 12924 | J98: 12701 | K98: 197 | L98: #FutureOfDriving | M98: FSDUpdate | N98: =(Posts11[[#This Row],[Likes]]+Posts11[[#This Row],[Shares]]+Posts11[[#This Row],[Comments]])/Posts11[[#This Row],[Impressions]] -> 0.20868152
A99: P088 | B99: Facebook | C99: 45480 | D99: Story | E99: Check out our latest story on facebook! | F99: 302 | G99: 47 | H99: 430 | I99: 5738 | J99: 4890 | K99: 25 | L99: #TeslaCoInnovation | M99: SustainabilityDrive | N99: =(Posts11[[#This Row],[Likes]]+Posts11[[#This Row],[Shares]]+Posts11[[#This Row],[Comments]])/Posts11[[#This Row],[Impressions]] -> 0.13576159
A100: P089 | B100: Twitter | C100: 45667 | D100: Image | E100: Check out our latest image on twitter! | F100: 2214 | G100: 249 | H100: 152 | I100: 15498 | J100: 14800 | K100: 180 | L100: #EVRevolution | N100: =(Posts11[[#This Row],[Likes]]+Posts11[[#This Row],[Shares]]+Posts11[[#This Row],[Comments]])/Posts11[[#This Row],[Impressions]] -> 0.16873145
...

Sheet Task 2.2
A1: Post ID | B1: Platform | C1: Date | D1: Content Type | E1: Post Text | F1: Likes | G1: Shares | H1: Comments | I1: Impressions | J1: Reach | K1: Clicks | L1: Hashtags Used | M1: Campaign_Name | N1: Engagement Rate
A2: P220 | B2: Instagram | C2: 45445 | D2: Story | E2: Check out our latest story on instagram! | F2: 84 | G2: 897 | H2: 85 | I2: 588 | J2: 8 | K2: 12 | L2: #EVRevolution | N2: =(Posts1114[[#This Row],[Likes]]+Posts1114[[#This Row],[Shares]]+Posts1114[[#This Row],[Comments]])/Posts1114[[#This Row],[Impressions]] -> 1.8129252
A3: P058 | B3: Instagram | C3: 45762 | D3: Reel | E3: Check out our latest reel on instagram! | F3: 103 | G3: 770 | H3: 19 | I3: 1030 | J3: 410 | K3: 262 | L3: #TeslaCoInnovation | M3: SustainabilityDrive | N3: =(Posts1114[[#This Row],[Likes]]+Posts1114[[#This Row],[Shares]]+Posts1114[[#This Row],[Comments]])/Posts1114[[#This Row],[Impressions]] -> 0.86601942
A4: P232 | B4: Twitter | C4: 45776 | D4: Story | E4: Check out our latest story on twitter! | F4: 249 | G4: 592 | H4: 230 | I4: 1494 | J4: 1044 | K4: 201 | L4: #EVRevolution | M4: SustainabilityDrive | N4: =(Posts1114[[#This Row],[Likes]]+Posts1114[[#This Row],[Shares]]+Posts1114[[#This Row],[Comments]])/Posts1114[[#This Row],[Impressions]] -> 0.71686747
A5: P178 | B5: Instagram | C5: 45603 | D5: Video | E5: Check out our latest video on instagram! | F5: 129 | G5: 643 | H5: 136 | I5: 1290 | J5: 839 | K5: 238 | L5: #TeslaCoInnovation | M5: SustainabilityDrive | N5: =(Posts1114[[#This Row],[Likes]]+Posts1114[[#This Row],[Shares]]+Posts1114[[#This Row],[Comments]])/Posts1114[[#This Row],[Impressions]] -> 0.70387597
A6: P175 | B6: Instagram | C6: 45674 | D6: Reel | E6: Check out our latest reel on instagram! | F6: 142 | G6: 784 | H6: 183 | I6: 1704 | J6: 995 | K6: 154 | L6: #FutureOfDriving | M6: SustainabilityDrive | N6: =(Posts1114[[#This Row],[Likes]]+Posts1114[[#This Row],[Shares]]+Posts1114[[#This Row],[Comments]])/Posts1114[[#This Row],[Impressions]] -> 0.6508216
A7: P062 | B7: Twitter | C7: 45618 | D7: Carousel | E7: Check out our latest carousel on twitter! | F7: 53 | G7: 81 | H7: 379 | I7: 954 | J7: 7 | K7: 148 | L7: #TeslaCoInnovation | M7: FSDUpdate | N7: =(Posts1114[[#This Row],[Likes]]+Posts1114[[#This Row],[Shares]]+Posts1114[[#This Row],[Comments]])/Posts1114[[#This Row],[Impressions]] -> 0.53773585
A8: P264 | B8: Twitter | C8: 45687 | D8: Image | E8: Check out our latest image on twitter! | F8: 59 | G8: 163 | H8: 93 | I8: 590 | J8: 475 | K8: 293 | L8: #TeslaCoInnovation | M8: ModelYCampaign | N8: =(Posts1114[[#This Row],[Likes]]+Posts1114[[#This Row],[Shares]]+Posts1114[[#This Row],[Comments]])/Posts1114[[#This Row],[Impressions]] -> 0.53389831
A9: P143 | B9: YouTube | C9: 45567 | D9: Carousel | E9: Check out our latest carousel on youtube! | F9: 80 | G9: 362 | H9: 80 | I9: 1040 | J9: 349 | K9: 117 | L9: #TeslaCoInnovation | M9: FSDUpdate | N9: =(Posts1114[[#This Row],[Likes]]+Posts1114[[#This Row],[Shares]]+Posts1114[[#This Row],[Comments]])/Posts1114[[#This Row],[Impressions]] -> 0.50192308
A10: P210 | B10: YouTube | C10: 45707 | D10: Image | E10: Check out our latest image on youtube! | F10: 257 | G10: 966 | H10: 398 | I10: 3341 | J10: 2753 | K10: 287 | L10: #FutureOfDriving | M10: CybertruckLaunch | N10: =(Posts1114[[#This Row],[Likes]]+Posts1114[[#This Row],[Shares]]+Posts1114[[#This Row],[Comments]])/Posts1114[[#This Row],[Impressions]] -> 0.48518408
A11: P070 | B11: Facebook | C11: 45749 | D11: Video | E11: Check out our latest video on facebook! | F11: 199 | G11: 772 | H11: 400 | I11: 3582 | J11: 2988 | K11: 43 | L11: #TeslaCoInnovation | N11: =(Posts1114[[#This Row],[Likes]]+Posts1114[[#This Row],[Shares]]+Posts1114[[#This Row],[Comments]])/Posts1114[[#This Row],[Impressions]] -> 0.38274707
A12: P214 | B12: Instagram | C12: 45649 | D12: Image | E12: Check out our latest image on instagram! | F12: 521 | G12: 746 | H12: 315 | I12: 4168 | J12: 3399 | K12: 282 | L12: #FutureOfDriving | M12: ModelYCampaign | N12: =(Posts1114[[#This Row],[Likes]]+Posts1114[[#This Row],[Shares]]+Posts1114[[#This Row],[Comments]])/Posts1114[[#This Row],[Impressions]] -> 0.37955854
A13: P053 | B13: YouTube | C13: 45712 | D13: Carousel | E13: Check out our latest carousel on youtube! | F13: 804 | G13: 639 | H13: 43 | I13: 4020 | J13: 3144 | K13: 11 | L13: #EVRevolution | N13: =(Posts1114[[#This Row],[Likes]]+Posts1114[[#This Row],[Shares]]+Posts1114[[#This Row],[Comments]])/Posts1114[[#This Row],[Impressions]] -> 0.36965174
A14: P053 | B14: YouTube | C14: 45712 | D14: Carousel | E14: Check out our latest carousel on youtube! | F14: 804 | G14: 639 | H14: 43 | I14: 4020 | J14: 3144 | K14: 11 | L14: #BetterWithTesla | N14: =(Posts1114[[#This Row],[Likes]]+Posts1114[[#This Row],[Shares]]+Posts1114[[#This Row],[Comments]])/Posts1114[[#This Row],[Impressions]] -> 0.36965174
A15: P102 | B15: Twitter | C15: 45553 | D15: Reel | E15: Check out our latest reel on twitter! | F15: 1000 | G15: 978 | H15: 162 | I15: 6000 | J15: 5221 | K15: 223 | L15: #EVRevolution | M15: ModelYCampaign | N15: =(Posts1114[[#This Row],[Likes]]+Posts1114[[#This Row],[Shares]]+Posts1114[[#This Row],[Comments]])/Posts1114[[#This Row],[Impressions]] -> 0.35666667
A16: P124 | B16: YouTube | C16: 45753 | D16: Carousel | E16: Check out our latest carousel on youtube! | F16: 736 | G16: 771 | H16: 225 | I16: 5152 | J16: 4706 | K16: 19 | L16: #EVRevolution | M16: CybertruckLaunch | N16: =(Posts1114[[#This Row],[Likes]]+Posts1114[[#This Row],[Shares]]+Posts1114[[#This Row],[Comments]])/Posts1114[[#This Row],[Impressions]] -> 0.33618012
A17: P121 | B17: Instagram | C17: 45502 | D17: Story | E17: Check out our latest story on instagram! | F17: 498 | G17: 701 | H17: 412 | I17: 4980 | J17: 4185 | K17: 185 | L17: #FutureOfDriving | N17: =(Posts1114[[#This Row],[Likes]]+Posts1114[[#This Row],[Shares]]+Posts1114[[#This Row],[Comments]])/Posts1114[[#This Row],[Impressions]] -> 0.32349398
A18: P224 | B18: Facebook | C18: 45790 | D18: Image | E18: Check out our latest image on facebook! | F18: 602 | G18: 594 | H18: 156 | I18: 4214 | J18: 3363 | K18: 164 | L18: #TeslaCoInnovation | M18: FSDUpdate | N18: =(Posts1114[[#This Row],[Likes]]+Posts1114[[#This Row],[Shares]]+Posts1114[[#This Row],[Comments]])/Posts1114[[#This Row],[Impressions]] -> 0.32083531
A19: P154 | B19: Instagram | C19: 45574 | D19: Carousel | E19: Check out our latest carousel on instagram! | F19: 985 | G19: 932 | H19: 287 | I19: 6895 | J19: 6757 | K19: 64 | L19: #FutureOfDriving | M19: SustainabilityDrive | N19: =(Posts1114[[#This Row],[Likes]]+Posts1114[[#This Row],[Shares]]+Posts1114[[#This Row],[Comments]])/Posts1114[[#This Row],[Impressions]] -> 0.31965192
A20: P119 | B20: Instagram | C20: 45695 | D20: Reel | E20: Check out our latest reel on instagram! | F20: 1970 | G20: 675 | H20: 478 | I20: 9850 | J20: 8924 | K20: 117 | L20: #FutureOfDriving | N20: =(Posts1114[[#This Row],[Likes]]+Posts1114[[#This Row],[Shares]]+Posts1114[[#This Row],[Comments]])/Posts1114[[#This Row],[Impressions]] -> 0.31705584
A21: P287 | B21: Instagram | C21: 45519 | D21: Reel | E21: Check out our latest reel on instagram! | F21: 1164 | G21: 616 | H21: 324 | I21: 6984 | J21: 6636 | K21: 82 | L21: #EVRevolution | M21: CybertruckLaunch | N21: =(Posts1114[[#This Row],[Likes]]+Posts1114[[#This Row],[Shares]]+Posts1114[[#This Row],[Comments]])/Posts1114[[#This Row],[Impressions]] -> 0.30126002
A22: P204 | B22: Instagram | C22: 45658 | D22: Carousel | E22: Check out our latest carousel on instagram! | F22: 2234 | G22: 653 | H22: 432 | I22: 11170 | J22: 10569 | K22: 198 | L22: #FutureOfDriving | M22: FSDUpdate | N22: =(Posts1114[[#This Row],[Likes]]+Posts1114[[#This Row],[Shares]]+Posts1114[[#This Row],[Comments]])/Posts1114[[#This Row],[Impressions]] -> 0.29713518
A23: P066 | B23: Twitter | C23: 45499 | D23: Carousel | E23: Check out our latest carousel on twitter! | F23: 432 | G23: 171 | H23: 280 | I23: 3024 | J23: 2285 | K23: 184 | L23: #EVRevolution | M23: CybertruckLaunch | N23: =(Posts1114[[#This Row],[Likes]]+Posts1114[[#This Row],[Shares]]+Posts1114[[#This Row],[Comments]])/Posts1114[[#This Row],[Impressions]] -> 0.29199735
A24: P183 | B24: Instagram | C24: 45643 | D24: Story | E24: Check out our latest story on instagram! | F24: 360 | G24: 590 | H24: 393 | I24: 4680 | J24: 4322 | K24: 208 | L24: #FutureOfDriving | M24: ModelYCampaign | N24: =(Posts1114[[#This Row],[Likes]]+Posts1114[[#This Row],[Shares]]+Posts1114[[#This Row],[Comments]])/Posts1114[[#This Row],[Impressions]] -> 0.28696581
A25: P031 | B25: Instagram | C25: 45642 | D25: Text | E25: Check out our latest text on instagram! | F25: 438 | G25: 153 | H25: 275 | I25: 3066 | J25: 2701 | K25: 282 | L25: #TeslaCoInnovation | M25: ModelYCampaign | N25: =(Posts1114[[#This Row],[Likes]]+Posts1114[[#This Row],[Shares]]+Posts1114[[#This Row],[Comments]])/Posts1114[[#This Row],[Impressions]] -> 0.28245271
A26: P093 | B26: Instagram | C26: 45637 | D26: Video | E26: Check out our latest video on instagram! | F26: 1431 | G26: 951 | H26: 26 | I26: 8586 | J26: 8396 | K26: 150 | L26: #EVRevolution | M26: FSDUpdate | N26: =(Posts1114[[#This Row],[Likes]]+Posts1114[[#This Row],[Shares]]+Posts1114[[#This Row],[Comments]])/Posts1114[[#This Row],[Impressions]] -> 0.28045656
A27: P263 | B27: Instagram | C27: 45524 | D27: Reel | E27: Check out our latest reel on instagram! | F27: 2603 | G27: 690 | H27: 205 | I27: 13015 | J27: 12130 | K27: 20 | L27: #FutureOfDriving | M27: ModelYCampaign | N27: =(Posts1114[[#This Row],[Likes]]+Posts1114[[#This Row],[Shares]]+Posts1114[[#This Row],[Comments]])/Posts1114[[#This Row],[Impressions]] -> 0.26876681
A28: P248 | B28: Facebook | C28: 45690 | D28: Story | E28: Check out our latest story on facebook! | F28: 886 | G28: 126 | H28: 153 | I28: 4430 | J28: 4037 | K28: 212 | L28: #EVRevolution | N28: =(Posts1114[[#This Row],[Likes]]+Posts1114[[#This Row],[Shares]]+Posts1114[[#This Row],[Comments]])/Posts1114[[#This Row],[Impressions]] -> 0.26297968
A29: P244 | B29: YouTube | C29: 45590 | D29: Video | E29: Check out our latest video on youtube! | F29: 4661 | G29: 935 | H29: 433 | I29: 23305 | J29: 22583 | K29: 63 | L29: #FutureOfDriving | M29: FSDUpdate | N29: =(Posts1114[[#This Row],[Likes]]+Posts1114[[#This Row],[Shares]]+Posts1114[[#This Row],[Comments]])/Posts1114[[#This Row],[Impressions]] -> 0.25869985
A30: P259 | B30: Facebook | C30: 45698 | D30: Text | E30: Check out our latest text on facebook! | F30: 562 | G30: 158 | H30: 149 | I30: 3372 | J30: 2940 | K30: 93 | L30: #TeslaCoInnovation | M30: CybertruckLaunch | N30: =(Posts1114[[#This Row],[Likes]]+Posts1114[[#This Row],[Shares]]+Posts1114[[#This Row],[Comments]])/Posts1114[[#This Row],[Impressions]] -> 0.25771056
A31: P219 | B31: Twitter | C31: 45685 | D31: Reel | E31: Check out our latest reel on twitter! | F31: 1188 | G31: 470 | H31: 174 | I31: 7128 | J31: 6145 | K31: 270 | L31: #TeslaCoInnovation | M31: SustainabilityDrive | N31: =(Posts1114[[#This Row],[Likes]]+Posts1114[[#This Row],[Shares]]+Posts1114[[#This Row],[Comments]])/Posts1114[[#This Row],[Impressions]] -> 0.25701459
A32: P226 | B32: Instagram | C32: 45511 | D32: Carousel | E32: Check out our latest carousel on instagram! | F32: 1741 | G32: 164 | H32: 318 | I32: 8705 | J32: 8272 | K32: 121 | L32: #TeslaCoInnovation | N32: =(Posts1114[[#This Row],[Likes]]+Posts1114[[#This Row],[Shares]]+Posts1114[[#This Row],[Comments]])/Posts1114[[#This Row],[Impressions]] -> 0.25537048
A33: P265 | B33: Twitter | C33: 45708 | D33: Carousel | E33: Check out our latest carousel on twitter! | F33: 1877 | G33: 745 | H33: 225 | I33: 11262 | J33: 10967 | K33: 41 | L33: #EVRevolution | M33: SustainabilityDrive | N33: =(Posts1114[[#This Row],[Likes]]+Posts1114[[#This Row],[Shares]]+Posts1114[[#This Row],[Comments]])/Posts1114[[#This Row],[Impressions]] -> 0.25279702
A34: P239 | B34: YouTube | C34: 45712 | D34: Text | E34: Check out our latest text on youtube! | F34: 4188 | G34: 942 | H34: 118 | I34: 20940 | J34: 20471 | K34: 102 | L34: #FutureOfDriving | N34: =(Posts1114[[#This Row],[Likes]]+Posts1114[[#This Row],[Shares]]+Posts1114[[#This Row],[Comments]])/Posts1114[[#This Row],[Impressions]] -> 0.25062082
A35: P277 | B35: Facebook | C35: 45753 | D35: Image | E35: Check out our latest image on facebook! | F35: 4236 | G35: 711 | H35: 298 | I35: 21180 | J35: 20516 | K35: 238 | L35: #FutureOfDriving | M35: CybertruckLaunch | N35: =(Posts1114[[#This Row],[Likes]]+Posts1114[[#This Row],[Shares]]+Posts1114[[#This Row],[Comments]])/Posts1114[[#This Row],[Impressions]] -> 0.24763928
A36: P297 | B36: Twitter | C36: 45650 | D36: Text | E36: Check out our latest text on twitter! | F36: 2166 | G36: 354 | H36: 117 | I36: 10830 | J36: 10245 | K36: 24 | L36: #EVRevolution | M36: SustainabilityDrive | N36: =(Posts1114[[#This Row],[Likes]]+Posts1114[[#This Row],[Shares]]+Posts1114[[#This Row],[Comments]])/Posts1114[[#This Row],[Impressions]] -> 0.2434903
A37: P181 | B37: YouTube | C37: 45737 | D37: Image | E37: Check out our latest image on youtube! | F37: 606 | G37: 789 | H37: 470 | I37: 7878 | J37: 7389 | K37: 239 | L37: #EVRevolution | M37: FSDUpdate | N37: =(Posts1114[[#This Row],[Likes]]+Posts1114[[#This Row],[Shares]]+Posts1114[[#This Row],[Comments]])/Posts1114[[#This Row],[Impressions]] -> 0.23673521
A38: P246 | B38: Facebook | C38: 45576 | D38: Image | E38: Check out our latest image on facebook! | F38: 400 | G38: 680 | H38: 434 | I38: 6400 | J38: 5472 | K38: 160 | L38: #FutureOfDriving | M38: ModelYCampaign | N38: =(Posts1114[[#This Row],[Likes]]+Posts1114[[#This Row],[Shares]]+Posts1114[[#This Row],[Comments]])/Posts1114[[#This Row],[Impressions]] -> 0.2365625
A39: P123 | B39: Instagram | C39: 45457 | D39: Story | E39: Check out our latest story on instagram! | F39: 4363 | G39: 649 | H39: 140 | I39: 21815 | J39: 21481 | K39: 157 | L39: #EVRevolution | M39: CybertruckLaunch | N39: =(Posts1114[[#This Row],[Likes]]+Posts1114[[#This Row],[Shares]]+Posts1114[[#This Row],[Comments]])/Posts1114[[#This Row],[Impressions]] -> 0.23616777
A40: P120 | B40: Facebook | C40: 45586 | D40: Story | E40: Check out our latest story on facebook! | F40: 780 | G40: 928 | H40: 301 | I40: 8580 | J40: 8081 | K40: 91 | L40: #EVRevolution | M40: FSDUpdate | N40: =(Posts1114[[#This Row],[Likes]]+Posts1114[[#This Row],[Shares]]+Posts1114[[#This Row],[Comments]])/Posts1114[[#This Row],[Impressions]] -> 0.23414918
A41: P141 | B41: Twitter | C41: 45535 | D41: Image | E41: Check out our latest image on twitter! | F41: 3170 | G41: 857 | H41: 379 | I41: 19020 | J41: 18559 | K41: 240 | L41: #FutureOfDriving | N41: =(Posts1114[[#This Row],[Likes]]+Posts1114[[#This Row],[Shares]]+Posts1114[[#This Row],[Comments]])/Posts1114[[#This Row],[Impressions]] -> 0.23165089
A42: P163 | B42: Instagram | C42: 45755 | D42: Image | E42: Check out our latest image on instagram! | F42: 4501 | G42: 375 | H42: 323 | I42: 22505 | J42: 21836 | K42: 132 | L42: #TeslaCoInnovation | M42: ModelYCampaign | N42: =(Posts1114[[#This Row],[Likes]]+Posts1114[[#This Row],[Shares]]+Posts1114[[#This Row],[Comments]])/Posts1114[[#This Row],[Impressions]] -> 0.23101533
A43: P269 | B43: Instagram | C43: 45601 | D43: Video | E43: Check out our latest video on instagram! | F43: 4561 | G43: 51 | H43: 441 | I43: 22805 | J43: 21890 | K43: 45 | L43: #TeslaCoInnovation | M43: ModelYCampaign | N43: =(Posts1114[[#This Row],[Likes]]+Posts1114[[#This Row],[Shares]]+Posts1114[[#This Row],[Comments]])/Posts1114[[#This Row],[Impressions]] -> 0.22157422
A44: P042 | B44: YouTube | C44: 45721 | D44: Reel | E44: Check out our latest reel on youtube! | F44: 1543 | G44: 820 | H44: 333 | I44: 12344 | J44: 11496 | K44: 241 | L44: #EVRevolution | N44: =(Posts1114[[#This Row],[Likes]]+Posts1114[[#This Row],[Shares]]+Posts1114[[#This Row],[Comments]])/Posts1114[[#This Row],[Impressions]] -> 0.2184057
A45: P043 | B45: Instagram | C45: 45640 | D45: Carousel | E45: Check out our latest carousel on instagram! | F45: 2174 | G45: 658 | H45: 15 | I45: 13044 | J45: 12206 | K45: 137 | L45: #TeslaCoInnovation | M45: FSDUpdate | N45: =(Posts1114[[#This Row],[Likes]]+Posts1114[[#This Row],[Shares]]+Posts1114[[#This Row],[Comments]])/Posts1114[[#This Row],[Impressions]] -> 0.21826127
A46: P159 | B46: Facebook | C46: 45621 | D46: Story | E46: Check out our latest story on facebook! | F46: 2120 | G46: 158 | H46: 488 | I46: 12720 | J46: 12085 | K46: 17 | L46: #FutureOfDriving | M46: ModelYCampaign | N46: =(Posts1114[[#This Row],[Likes]]+Posts1114[[#This Row],[Shares]]+Posts1114[[#This Row],[Comments]])/Posts1114[[#This Row],[Impressions]] -> 0.21745283
A47: P146 | B47: YouTube | C47: 45448 | D47: Reel | E47: Check out our latest reel on youtube! | F47: 3065 | G47: 772 | H47: 142 | I47: 18390 | J47: 17875 | K47: 200 | L47: #EVRevolution | N47: =(Posts1114[[#This Row],[Likes]]+Posts1114[[#This Row],[Shares]]+Posts1114[[#This Row],[Comments]])/Posts1114[[#This Row],[Impressions]] -> 0.21636759
A48: P146 | B48: YouTube | C48: 45448 | D48: Reel | E48: Check out our latest reel on youtube! | F48: 3065 | G48: 772 | H48: 142 | I48: 18390 | J48: 17875 | K48: 200 | L48: #AnytimeIsTeslaTime | N48: =(Posts1114[[#This Row],[Likes]]+Posts1114[[#This Row],[Shares]]+Posts1114[[#This Row],[Comments]])/Posts1114[[#This Row],[Impressions]] -> 0.21636759
A49: P029 | B49: Instagram | C49: 45688 | D49: Carousel | E49: Check out our latest carousel on instagram! | F49: 2566 | G49: 118 | H49: 37 | I49: 12830 | J49: 12264 | K49: 221 | L49: #FutureOfDriving | M49: FSDUpdate | N49: =(Posts1114[[#This Row],[Likes]]+Posts1114[[#This Row],[Shares]]+Posts1114[[#This Row],[Comments]])/Posts1114[[#This Row],[Impressions]] -> 0.21208106
A50: P137 | B50: Facebook | C50: 45504 | D50: Video | E50: Check out our latest video on facebook! | F50: 3008 | G50: 94 | H50: 37 | I50: 15040 | J50: 14639 | K50: 277 | L50: #FutureOfDriving | N50: =(Posts1114[[#This Row],[Likes]]+Posts1114[[#This Row],[Shares]]+Posts1114[[#This Row],[Comments]])/Posts1114[[#This Row],[Impressions]] -> 0.20871011
A51: P087 | B51: Twitter | C51: 45449 | D51: Video | E51: Check out our latest video on twitter! | F51: 1436 | G51: 765 | H51: 496 | I51: 12924 | J51: 12701 | K51: 197 | L51: #FutureOfDriving | M51: FSDUpdate | N51: =(Posts1114[[#This Row],[Likes]]+Posts1114[[#This Row],[Shares]]+Posts1114[[#This Row],[Comments]])/Posts1114[[#This Row],[Impressions]] -> 0.20868152
A52: P271 | B52: Instagram | C52: 45582 | D52: Video | E52: Check out our latest video on instagram! | F52: 3575 | G52: 749 | H52: 111 | I52: 21450 | J52: 20785 | K52: 195 | L52: #EVRevolution | M52: ModelYCampaign | N52: =(Posts1114[[#This Row],[Likes]]+Posts1114[[#This Row],[Shares]]+Posts1114[[#This Row],[Comments]])/Posts1114[[#This Row],[Impressions]] -> 0.20675991
A53: P077 | B53: Facebook | C53: 45720 | D53: Story | E53: Check out our latest story on facebook! | F53: 1249 | G53: 116 | H53: 420 | I53: 8743 | J53: 8538 | K53: 63 | L53: #TeslaCoInnovation | N53: =(Posts1114[[#This Row],[Likes]]+Posts1114[[#This Row],[Shares]]+Posts1114[[#This Row],[Comments]])/Posts1114[[#This Row],[Impressions]] -> 0.20416333
A54: P136 | B54: Instagram | C54: 45484 | D54: Text | E54: Check out our latest text on instagram! | F54: 3134 | G54: 888 | H54: 444 | I54: 21938 | J54: 21337 | K54: 130 | L54: #EVRevolution | M54: SustainabilityDrive | N54: =(Posts1114[[#This Row],[Likes]]+Posts1114[[#This Row],[Shares]]+Posts1114[[#This Row],[Comments]])/Posts1114[[#This Row],[Impressions]] -> 0.20357371
A55: P258 | B55: Instagram | C55: 45509 | D55: Story | E55: Check out our latest story on instagram! | F55: 3601 | G55: 695 | H55: 75 | I55: 21606 | J55: 21454 | K55: 172 | L55: #EVRevolution | M55: ModelYCampaign | N55: =(Posts1114[[#This Row],[Likes]]+Posts1114[[#This Row],[Shares]]+Posts1114[[#This Row],[Comments]])/Posts1114[[#This Row],[Impressions]] -> 0.20230492
A56: P276 | B56: Twitter | C56: 45450 | D56: Carousel | E56: Check out our latest carousel on twitter! | F56: 1556 | G56: 195 | H56: 131 | I56: 9336 | J56: 8875 | K56: 137 | L56: #TeslaCoInnovation | M56: ModelYCampaign | N56: =(Posts1114[[#This Row],[Likes]]+Posts1114[[#This Row],[Shares]]+Posts1114[[#This Row],[Comments]])/Posts1114[[#This Row],[Impressions]] -> 0.20158526
A57: P148 | B57: Instagram | C57: 45762 | D57: Video | E57: Check out our latest video on instagram! | F57: 4133 | G57: 466 | H57: 327 | I57: 24798 | J57: 24620 | K57: 176 | L57: #EVRevolution | M57: SustainabilityDrive | N57: =(Posts1114[[#This Row],[Likes]]+Posts1114[[#This Row],[Shares]]+Posts1114[[#This Row],[Comments]])/Posts1114[[#This Row],[Impressions]] -> 0.19864505
A58: P198 | B58: Twitter | C58: 45549 | D58: Image | E58: Check out our latest image on twitter! | F58: 1048 | G58: 374 | H58: 450 | I58: 9432 | J58: 8882 | K58: 158 | L58: #TeslaCoInnovation | M58: FSDUpdate | N58: =(Posts1114[[#This Row],[Likes]]+Posts1114[[#This Row],[Shares]]+Posts1114[[#This Row],[Comments]])/Posts1114[[#This Row],[Impressions]] -> 0.19847328
A59: P152 | B59: Facebook | C59: 45769 | D59: Image | E59: Check out our latest image on facebook! | F59: 4804 | G59: 550 | H59: 270 | I59: 28824 | J59: 28370 | K59: 47 | L59: #EVRevolution | M59: SustainabilityDrive | N59: =(Posts1114[[#This Row],[Likes]]+Posts1114[[#This Row],[Shares]]+Posts1114[[#This Row],[Comments]])/Posts1114[[#This Row],[Impressions]] -> 0.19511518
A60: P286 | B60: YouTube | C60: 45560 | D60: Video | E60: Check out our latest video on youtube! | F60: 3389 | G60: 344 | H60: 229 | I60: 20334 | J60: 19443 | K60: 228 | L60: #FutureOfDriving | M60: FSDUpdate | N60: =(Posts1114[[#This Row],[Likes]]+Posts1114[[#This Row],[Shares]]+Posts1114[[#This Row],[Comments]])/Posts1114[[#This Row],[Impressions]] -> 0.19484607
A61: P068 | B61: Instagram | C61: 45634 | D61: Story | E61: Check out our latest story on instagram! | F61: 2610 | G61: 126 | H61: 288 | I61: 15660 | J61: 15145 | K61: 73 | L61: #EVRevolution | N61: =(Posts1114[[#This Row],[Likes]]+Posts1114[[#This Row],[Shares]]+Posts1114[[#This Row],[Comments]])/Posts1114[[#This Row],[Impressions]] -> 0.19310345
A62: P085 | B62: Instagram | C62: 45766 | D62: Image | E62: Check out our latest image on instagram! | F62: 4177 | G62: 569 | H62: 55 | I62: 25062 | J62: 24847 | K62: 230 | L62: #FutureOfDriving | M62: CybertruckLaunch | N62: =(Posts1114[[#This Row],[Likes]]+Posts1114[[#This Row],[Shares]]+Posts1114[[#This Row],[Comments]])/Posts1114[[#This Row],[Impressions]] -> 0.19156492
A63: P032 | B63: Twitter | C63: 45504 | D63: Carousel | E63: Check out our latest carousel on twitter! | F63: 2278 | G63: 10 | H63: 321 | I63: 13668 | J63: 12676 | K63: 275 | L63: #EVRevolution | M63: CybertruckLaunch | N63: =(Posts1114[[#This Row],[Likes]]+Posts1114[[#This Row],[Shares]]+Posts1114[[#This Row],[Comments]])/Posts1114[[#This Row],[Impressions]] -> 0.19088382
A64: P218 | B64: Facebook | C64: 45454 | D64: Carousel | E64: Check out our latest carousel on facebook! | F64: 1869 | G64: 453 | H64: 490 | I64: 14952 | J64: 14309 | K64: 275 | L64: #TeslaCoInnovation | M64: SustainabilityDrive | N64: =(Posts1114[[#This Row],[Likes]]+Posts1114[[#This Row],[Shares]]+Posts1114[[#This Row],[Comments]])/Posts1114[[#This Row],[Impressions]] -> 0.18806849
A65: P211 | B65: Twitter | C65: 45491 | D65: Carousel | E65: Check out our latest carousel on twitter! | F65: 2120 | G65: 38 | H65: 212 | I65: 12720 | J65: 12564 | K65: 21 | L65: #FutureOfDriving | M65: SustainabilityDrive | N65: =(Posts1114[[#This Row],[Likes]]+Posts1114[[#This Row],[Shares]]+Posts1114[[#This Row],[Comments]])/Posts1114[[#This Row],[Impressions]] -> 0.18632075
A66: P242 | B66: Facebook | C66: 45480 | D66: Reel | E66: Check out our latest reel on facebook! | F66: 4767 | G66: 190 | H66: 340 | I66: 28602 | J66: 28044 | K66: 210 | L66: #EVRevolution | M66: FSDUpdate | N66: =(Posts1114[[#This Row],[Likes]]+Posts1114[[#This Row],[Shares]]+Posts1114[[#This Row],[Comments]])/Posts1114[[#This Row],[Impressions]] -> 0.18519684
A67: P041 | B67: Instagram | C67: 45724 | D67: Reel | E67: Check out our latest reel on instagram! | F67: 456 | G67: 629 | H67: 428 | I67: 8208 | J67: 7377 | K67: 205 | L67: #FutureOfDriving | M67: SustainabilityDrive | N67: =(Posts1114[[#This Row],[Likes]]+Posts1114[[#This Row],[Shares]]+Posts1114[[#This Row],[Comments]])/Posts1114[[#This Row],[Impressions]] -> 0.18433236
A68: P294 | B68: Facebook | C68: 45462 | D68: Carousel | E68: Check out our latest carousel on facebook! | F68: 4731 | G68: 173 | H68: 276 | I68: 28386 | J68: 28185 | K68: 89 | L68: #EVRevolution | M68: FSDUpdate | N68: =(Posts1114[[#This Row],[Likes]]+Posts1114[[#This Row],[Shares]]+Posts1114[[#This Row],[Comments]])/Posts1114[[#This Row],[Impressions]] -> 0.18248432
A69: P006 | B69: Facebook | C69: 45596 | D69: Carousel | E69: Check out our latest carousel on facebook! | F69: 2945 | G69: 930 | H69: 355 | I69: 23560 | J69: 23275 | K69: 256 | L69: #TeslaCoInnovation | M69: ModelYCampaign | N69: =(Posts1114[[#This Row],[Likes]]+Posts1114[[#This Row],[Shares]]+Posts1114[[#This Row],[Comments]])/Posts1114[[#This Row],[Impressions]] -> 0.1795416
A70: P153 | B70: Twitter | C70: 45658 | D70: Video | E70: Check out our latest video on twitter! | F70: 754 | G70: 197 | H70: 257 | I70: 6786 | J70: 6221 | K70: 212 | L70: #TeslaCoInnovation | M70: FSDUpdate | N70: =(Posts1114[[#This Row],[Likes]]+Posts1114[[#This Row],[Shares]]+Posts1114[[#This Row],[Comments]])/Posts1114[[#This Row],[Impressions]] -> 0.17801356
A71: P037 | B71: Facebook | C71: 45663 | D71: Carousel | E71: Check out our latest carousel on facebook! | F71: 3024 | G71: 925 | H71: 350 | I71: 24192 | J71: 23518 | K71: 36 | L71: #EVRevolution | M71: ModelYCampaign | N71: =(Posts1114[[#This Row],[Likes]]+Posts1114[[#This Row],[Shares]]+Posts1114[[#This Row],[Comments]])/Posts1114[[#This Row],[Impressions]] -> 0.17770337
A72: P241 | B72: Facebook | C72: 45675 | D72: Story | E72: Check out our latest story on facebook! | F72: 4321 | G72: 874 | H72: 172 | I72: 30247 | J72: 29254 | K72: 122 | L72: #TeslaCoInnovation | M72: SustainabilityDrive | N72: =(Posts1114[[#This Row],[Likes]]+Posts1114[[#This Row],[Shares]]+Posts1114[[#This Row],[Comments]])/Posts1114[[#This Row],[Impressions]] -> 0.17743908
A73: P112 | B73: Twitter | C73: 45570 | D73: Story | E73: Check out our latest story on twitter! | F73: 1957 | G73: 877 | H73: 238 | I73: 17613 | J73: 16865 | K73: 297 | L73: #FutureOfDriving | M73: FSDUpdate | N73: =(Posts1114[[#This Row],[Likes]]+Posts1114[[#This Row],[Shares]]+Posts1114[[#This Row],[Comments]])/Posts1114[[#This Row],[Impressions]] -> 0.17441662
A74: P129 | B74: Twitter | C74: 45494 | D74: Text | E74: Check out our latest text on twitter! | F74: 2147 | G74: 430 | H74: 393 | I74: 17176 | J74: 16483 | K74: 170 | L74: #TeslaCoInnovation | N74: =(Posts1114[[#This Row],[Likes]]+Posts1114[[#This Row],[Shares]]+Posts1114[[#This Row],[Comments]])/Posts1114[[#This Row],[Impressions]] -> 0.1729157
A75: P028 | B75: Instagram | C75: 45720 | D75: Video | E75: Check out our latest video on instagram! | F75: 432 | G75: 624 | H75: 123 | I75: 6912 | J75: 6259 | K75: 79 | L75: #FutureOfDriving | M75: SustainabilityDrive | N75: =(Posts1114[[#This Row],[Likes]]+Posts1114[[#This Row],[Shares]]+Posts1114[[#This Row],[Comments]])/Posts1114[[#This Row],[Impressions]] -> 0.17057292
A76: P046 | B76: Twitter | C76: 45779 | D76: Video | E76: Check out our latest video on twitter! | F76: 1108 | G76: 177 | H76: 212 | I76: 8864 | J76: 8710 | K76: 97 | L76: #TeslaCoInnovation | M76: SustainabilityDrive | N76: =(Posts1114[[#This Row],[Likes]]+Posts1114[[#This Row],[Shares]]+Posts1114[[#This Row],[Comments]])/Posts1114[[#This Row],[Impressions]] -> 0.16888538
A77: P089 | B77: Twitter | C77: 45667 | D77: Image | E77: Check out our latest image on twitter! | F77: 2214 | G77: 249 | H77: 152 | I77: 15498 | J77: 14800 | K77: 180 | L77: #EVRevolution | N77: =(Posts1114[[#This Row],[Likes]]+Posts1114[[#This Row],[Shares]]+Posts1114[[#This Row],[Comments]])/Posts1114[[#This Row],[Impressions]] -> 0.16873145
A78: P094 | B78: Instagram | C78: 45603 | D78: Image | E78: Check out our latest image on instagram! | F78: 2647 | G78: 304 | H78: 170 | I78: 18529 | J78: 17841 | K78: 46 | L78: #FutureOfDriving | M78: FSDUpdate | N78: =(Posts1114[[#This Row],[Likes]]+Posts1114[[#This Row],[Shares]]+Posts1114[[#This Row],[Comments]])/Posts1114[[#This Row],[Impressions]] -> 0.16843866
A79: P116 | B79: YouTube | C79: 45734 | D79: Reel | E79: Check out our latest reel on youtube! | F79: 3704 | G79: 186 | H79: 458 | I79: 25928 | J79: 25081 | K79: 131 | L79: #TeslaCoInnovation | N79: =(Posts1114[[#This Row],[Likes]]+Posts1114[[#This Row],[Shares]]+Posts1114[[#This Row],[Comments]])/Posts1114[[#This Row],[Impressions]] -> 0.16769516
A80: P275 | B80: Facebook | C80: 45509 | D80: Reel | E80: Check out our latest reel on facebook! | F80: 1741 | G80: 831 | H80: 345 | I80: 17410 | J80: 16844 | K80: 58 | L80: #EVRevolution | M80: FSDUpdate | N80: =(Posts1114[[#This Row],[Likes]]+Posts1114[[#This Row],[Shares]]+Posts1114[[#This Row],[Comments]])/Posts1114[[#This Row],[Impressions]] -> 0.16754739
A81: P109 | B81: Twitter | C81: 45512 | D81: Story | E81: Check out our latest story on twitter! | F81: 3649 | G81: 215 | H81: 413 | I81: 25543 | J81: 24963 | K81: 167 | L81: #FutureOfDriving | M81: FSDUpdate | N81: =(Posts1114[[#This Row],[Likes]]+Posts1114[[#This Row],[Shares]]+Posts1114[[#This Row],[Comments]])/Posts1114[[#This Row],[Impressions]] -> 0.16744314
A82: P047 | B82: Twitter | C82: 45712 | D82: Carousel | E82: Check out our latest carousel on twitter! | F82: 2704 | G82: 752 | H82: 153 | I82: 21632 | J82: 20792 | K82: 127 | L82: #FutureOfDriving | N82: =(Posts1114[[#This Row],[Likes]]+Posts1114[[#This Row],[Shares]]+Posts1114[[#This Row],[Comments]])/Posts1114[[#This Row],[Impressions]] -> 0.16683617
A83: P295 | B83: Twitter | C83: 45783 | D83: Image | E83: Check out our latest image on twitter! | F83: 1952 | G83: 344 | H83: 287 | I83: 15616 | J83: 15403 | K83: 235 | L83: #FutureOfDriving | M83: ModelYCampaign | N83: =(Posts1114[[#This Row],[Likes]]+Posts1114[[#This Row],[Shares]]+Posts1114[[#This Row],[Comments]])/Posts1114[[#This Row],[Impressions]] -> 0.16540727
A84: P295 | B84: Twitter | C84: 45783 | D84: Image | E84: Check out our latest image on twitter! | F84: 1952 | G84: 344 | H84: 287 | I84: 15616 | J84: 15403 | K84: 235 | L84: #TeslaCoInnovation | M84: ModelYCampaign | N84: =(Posts1114[[#This Row],[Likes]]+Posts1114[[#This Row],[Shares]]+Posts1114[[#This Row],[Comments]])/Posts1114[[#This Row],[Impressions]] -> 0.16540727
A85: P295 | B85: Twitter | C85: 45783 | D85: Image | E85: Check out our latest image on twitter! | F85: 1952 | G85: 344 | H85: 287 | I85: 15616 | J85: 15403 | K85: 235 | L85: #AnytimeIsTeslaTime | M85: ModelYCampaign | N85: =(Posts1114[[#This Row],[Likes]]+Posts1114[[#This Row],[Shares]]+Posts1114[[#This Row],[Comments]])/Posts1114[[#This Row],[Impressions]] -> 0.16540727
A86: P054 | B86: YouTube | C86: 45729 | D86: Carousel | E86: Check out our latest carousel on youtube! | F86: 1686 | G86: 904 | H86: 472 | I86: 18546 | J86: 18171 | K86: 52 | L86: #FutureOfDriving | M86: ModelYCampaign | N86: =(Posts1114[[#This Row],[Likes]]+Posts1114[[#This Row],[Shares]]+Posts1114[[#This Row],[Comments]])/Posts1114[[#This Row],[Impressions]] -> 0.16510299
A87: P060 | B87: Instagram | C87: 45685 | D87: Video | E87: Check out our latest video on instagram! | F87: 904 | G87: 973 | H87: 63 | I87: 11752 | J87: 11580 | K87: 84 | L87: #EVRevolution | M87: FSDUpdate | N87: =(Posts1114[[#This Row],[Likes]]+Posts1114[[#This Row],[Shares]]+Posts1114[[#This Row],[Comments]])/Posts1114[[#This Row],[Impressions]] -> 0.16507828
A88: P060 | B88: Instagram | C88: 45685 | D88: Video | E88: Check out our latest video on instagram! | F88: 904 | G88: 973 | H88: 63 | I88: 11752 | J88: 11580 | K88: 84 | L88: #TeslaCoInnovation | M88: FSDUpdate | N88: =(Posts1114[[#This Row],[Likes]]+Posts1114[[#This Row],[Shares]]+Posts1114[[#This Row],[Comments]])/Posts1114[[#This Row],[Impressions]] -> 0.16507828
A89: P060 | B89: Instagram | C89: 45685 | D89: Video | E89: Check out our latest video on instagram! | F89: 904 | G89: 973 | H89: 63 | I89: 11752 | J89: 11580 | K89: 84 | L89: #AnytimeIsTeslaTime | M89: FSDUpdate | N89: =(Posts1114[[#This Row],[Likes]]+Posts1114[[#This Row],[Shares]]+Posts1114[[#This Row],[Comments]])/Posts1114[[#This Row],[Impressions]] -> 0.16507828
A90: P083 | B90: YouTube | C90: 45580 | D90: Video | E90: Check out our latest video on youtube! | F90: 1094 | G90: 472 | H90: 21 | I90: 9846 | J90: 9609 | K90: 112 | L90: #EVRevolution | N90: =(Posts1114[[#This Row],[Likes]]+Posts1114[[#This Row],[Shares]]+Posts1114[[#This Row],[Comments]])/Posts1114[[#This Row],[Impressions]] -> 0.16118221
A91: P138 | B91: Twitter | C91: 45745 | D91: Image | E91: Check out our latest image on twitter! | F91: 305 | G91: 187 | H91: 243 | I91: 4575 | J91: 3704 | K91: 234 | L91: #FutureOfDriving | M91: FSDUpdate | N91: =(Posts1114[[#This Row],[Likes]]+Posts1114[[#This Row],[Shares]]+Posts1114[[#This Row],[Comments]])/Posts1114[[#This Row],[Impressions]] -> 0.16065574
A92: P221 | B92: Facebook | C92: 45739 | D92: Video | E92: Check out our latest video on facebook! | F92: 4453 | G92: 111 | H92: 420 | I92: 31171 | J92: 30565 | K92: 23 | L92: #TeslaCoInnovation | N92: =(Posts1114[[#This Row],[Likes]]+Posts1114[[#This Row],[Shares]]+Posts1114[[#This Row],[Comments]])/Posts1114[[#This Row],[Impressions]] -> 0.15989221
A93: P252 | B93: Facebook | C93: 45775 | D93: Carousel | E93: Check out our latest carousel on facebook! | F93: 2089 | G93: 476 | H93: 69 | I93: 16712 | J93: 16309 | K93: 64 | L93: #FutureOfDriving | M93: FSDUpdate | N93: =(Posts1114[[#This Row],[Likes]]+Posts1114[[#This Row],[Shares]]+Posts1114[[#This Row],[Comments]])/Posts1114[[#This Row],[Impressions]] -> 0.1576113
A94: P052 | B94: Facebook | C94: 45660 | D94: Image | E94: Check out our latest image on facebook! | F94: 947 | G94: 338 | H94: 350 | I94: 10417 | J94: 9730 | K94: 34 | L94: #TeslaCoInnovation | M94: SustainabilityDrive | N94: =(Posts1114[[#This Row],[Likes]]+Posts1114[[#This Row],[Shares]]+Posts1114[[#This Row],[Comments]])/Posts1114[[#This Row],[Impressions]] -> 0.15695498
A95: P140 | B95: Facebook | C95: 45488 | D95: Image | E95: Check out our latest image on facebook! | F95: 2291 | G95: 78 | H95: 485 | I95: 18328 | J95: 18101 | K95: 10 | L95: #EVRevolution | M95: ModelYCampaign | N95: =(Posts1114[[#This Row],[Likes]]+Posts1114[[#This Row],[Shares]]+Posts1114[[#This Row],[Comments]])/Posts1114[[#This Row],[Impressions]] -> 0.15571803
A96: P140 | B96: Facebook | C96: 45488 | D96: Image | E96: Check out our latest image on facebook! | F96: 2291 | G96: 78 | H96: 485 | I96: 18328 | J96: 18101 | K96: 10 | L96: #SmoothLikeNitroTesla | M96: ModelYCampaign | N96: =(Posts1114[[#This Row],[Likes]]+Posts1114[[#This Row],[Shares]]+Posts1114[[#This Row],[Comments]])/Posts1114[[#This Row],[Impressions]] -> 0.15571803
A97: P165 | B97: Twitter | C97: 45637 | D97: Text | E97: Check out our latest text on twitter! | F97: 3239 | G97: 43 | H97: 211 | I97: 22673 | J97: 22171 | K97: 230 | L97: #TeslaCoInnovation | M97: ModelYCampaign | N97: =(Posts1114[[#This Row],[Likes]]+Posts1114[[#This Row],[Shares]]+Posts1114[[#This Row],[Comments]])/Posts1114[[#This Row],[Impressions]] -> 0.1540599
A98: P164 | B98: YouTube | C98: 45715 | D98: Text | E98: Check out our latest text on youtube! | F98: 4934 | G98: 971 | H98: 156 | I98: 39472 | J98: 39025 | K98: 169 | L98: #TeslaCoInnovation | M98: SustainabilityDrive | N98: =(Posts1114[[#This Row],[Likes]]+Posts1114[[#This Row],[Shares]]+Posts1114[[#This Row],[Comments]])/Posts1114[[#This Row],[Impressions]] -> 0.15355188
A99: P164 | B99: YouTube | C99: 45715 | D99: Text | E99: Check out our latest text on youtube! | F99: 4934 | G99: 971 | H99: 156 | I99: 39472 | J99: 39025 | K99: 169 | L99: #AnytimeIsTeslaTime | M99: SustainabilityDrive | N99: =(Posts1114[[#This Row],[Likes]]+Posts1114[[#This Row],[Shares]]+Posts1114[[#This Row],[Comments]])/Posts1114[[#This Row],[Impressions]] -> 0.15355188
A100: P262 | B100: YouTube | C100: 45675 | D100: Image | E100: Check out our latest image on youtube! | F100: 1206 | G100: 238 | H100: 36 | I100: 9648 | J100: 9417 | K100: 237 | L100: #TeslaCoInnovation | N100: =(Posts1114[[#This Row],[Likes]]+Posts1114[[#This Row],[Shares]]+Posts1114[[#This Row],[Comments]])/Posts1114[[#This Row],[Impressions]] -> 0.15339967
...

Sheet Tak 2.3(a)
B6: Platform
B7: YouTube
A8: Content Type | B8: Total Likes | C8: Total Shares | D8: Total Comments
A9: Carousel | B9: 25730 | C9: 6944 | D9: 2465
A10: Image | B10: 23903 | C10: 4310 | D10: 2077
A11: Reel | B11: 39022 | C11: 6036 | D11: 3234
A12: Story | B12: 31968 | C12: 3866 | D12: 2012
A13: Text | B13: 35429 | C13: 5204 | D13: 1293
A14: Video | B14: 39835 | C14: 6946 | D14: 3359
A15: Grand Total | B15: 195887 | C15: 33306 | D15: 14440

Sheet Task 2.3(b)
A3: Hashtags | B3: Average Clicks
A4: #AnytimeIsTeslaTime | B4: 161.2
A5: #TeslaCoInnovation | B5: 158.65421
A6: #EVRevolution | B6: 151.52941
A7: #FutureOfDriving | B7: 144.03883
A8: #BetterWithTesla | B8: 114.85714
A9: #SmoothLikeNitroTesla | B9: 111.8

Sheet Task 2.4
A3: Hashtags | B3: Average Engagement Rate
A4: #EVRevolution | B4: 0.15386133
A5: #TeslaCoInnovation | B5: 0.14515321
A6: #FutureOfDriving | B6: 0.14123247
A7: #BetterWithTesla | B7: 0.12589595
A8: #AnytimeIsTeslaTime | B8: 0.11636074
A9: #SmoothLikeNitroTesla | B9: 0.11481754

Sheet Tak 3.1
A3: Average of Engagement Rate | B3: Content Objective
A4: Platform | B4: Community Growth | C4: Customer Engagement | D4: Product Awareness | E4: Vehicle Launch
A5: Facebook | B5: 0.1075199 | C5: 0.11842748 | D5: 0.11983264 | E5: 0.12013944
A6: Instagram | B6: 0.22086571 | C6: 0.17821166 | D6: 0.12189936 | E6: 0.14266251
A7: Twitter | B7: 0.14127136 | C7: 0.16744605 | D7: 0.11515106 | E7: 0.1498794
A8: YouTube | B8: 0.091634731 | C8: 0.092356819 | D8: 0.15800423 | E8: 0.15643846

Sheet Task 3.2
A1: Sum of Net follower growth rate | B1: Platform
A2: Week Start Date | B2: Facebook
A3: 45446
A4: 45453 | B4: 0.17706422
A5: 45460 | B5: 0.39034205
A6: 45467 | B6: 3.9554896
A7: 45474 | B7: -1.5203252
A8: 45481 | B8: 2.3956044
A9: 45488 | B9: -1.3190661
A10: 45495 | B10: 5.00625
A11: 45502 | B11: -2.0031546
A12: 45509 | B12: -1.4147368
A13: 45516 | B13: 3.1818182
A14: 45523 | B14: 0.025193798
A15: 45530 | B15: -0.80526316
... A52: 45789 | B52: -0.52893519

Sheet Task 3.3
A3: Month | B3: Average of Engagement_Rate | C3: Average of Ad_Spend
A4: Jan | B4: 6.1725 | C4: 27018
A5: Feb | B5: 7.095 | C5: 29594.5
A6: Mar | B6: 7.372 | C6: 23224.4
A7: Apr | B7: 3.445 | C7: 21245
A8: May | B8: 4.795 | C8: 48909.5
A9: Jun | B9: 6.145 | C9: 23698.75
A10: Jul | B10: 5.684 | C10: 31048.6
A11: Aug | B11: 7.5 | C11: 26371.5
A12: Sep | B12: 5.3 | C12: 25308
A13: Oct | B13: 3.3125 | C13: 31039.75
A14: Nov | B14: 5.225 | C14: 27985.75
A15: Dec | B15: 5.096 | C15: 27200.4

Sheet Task 4.1
C3: Hashtags | D3: No of times used
C4: {=_xlfn.UNIQUE(Posts1116[Hashtags Used])} -> #FutureOfDriving | D4: =COUNTIF(Posts1116[Hashtags Used],'Task 4.1'!C4) -> 103
C5: #EVRevolution | D5: =COUNTIF(Posts1116[Hashtags Used],'Task 4.1'!C5) -> 102
C6: #TeslaCoInnovation | D6: =COUNTIF(Posts1116[Hashtags Used],'Task 4.1'!C6) -> 107
C7: #BetterWithTesla | D7: =COUNTIF(Posts1116[Hashtags Used],'Task 4.1'!C7) -> 7
C8: #SmoothLikeNitroTesla | D8: =COUNTIF(Posts1116[Hashtags Used],'Task 4.1'!C8) -> 5
C9: #AnytimeIsTeslaTime | D9: =COUNTIF(Posts1116[Hashtags Used],'Task 4.1'!C9) -> 15

Sheet Task 4.2
D6: Hashtags | E6: Performance(Avg engagement rate)
D7: {=_xlfn.UNIQUE(Posts1116[Hashtags Used])} -> #FutureOfDriving | E7: =AVERAGEIF(Post!L:L,'Task 4.2'!D7,Post!N:N) -> 0.14123247
D8: #EVRevolution | E8: =AVERAGEIF(Post!L:L,'Task 4.2'!D8,Post!N:N) -> 0.15386133
D9: #TeslaCoInnovation | E9: =AVERAGEIF(Post!L:L,'Task 4.2'!D9,Post!N:N) -> 0.14515321
D10: #BetterWithTesla | E10: =AVERAGEIF(Post!L:L,'Task 4.2'!D10,Post!N:N) -> 0.12589595
D11: #SmoothLikeNitroTesla | E11: =AVERAGEIF(Post!L:L,'Task 4.2'!D11,Post!N:N) -> 0.11481754
D12: #AnytimeIsTeslaTime | E12: =AVERAGEIF(Post!L:L,'Task 4.2'!D12,Post!N:N) -> 0.11636074

Sheet Task 4.3
A3: Performance | B3: Platform
A4: Content Type | B4: Facebook | C4: Instagram | D4: Twitter | E4: YouTube
A5: Carousel | B5: 0.1182059 | C5: 0.14358583 | D5: 0.14537055 | E5: 0.19045606
A6: Image | B6: 0.11745425 | C6: 0.13475594 | D6: 0.14530583 | E6: 0.15035568
A7: Video | B7: 0.12378368 | C7: 0.20035942 | D7: 0.11228207 | E7: 0.12194863

Sheet Task 5.1
B3: Campaign
A4: Campaign Effectiveness | B4: CybertruckLaunch | C4: FSDUpdate | D4: ModelYCampaign | E4: SustainabilityDrive
A5: Total Likes | B5: 154613 | C5: 201400 | D5: 185071 | E5: 219562
A6: Total Clicks | B6: 7094 | C6: 11039 | D6: 11168 | E6: 12544
A7: Total Impressions | B7: 2090555 | C7: 2507489 | D7: 2318527 | E7: 2905567
A8: Average Likes | B8: 2917.2264 | C8: 2650 | D8: 2721.6324 | E8: 2710.642
A9: Average Clicks | B9: 133.84906 | C9: 145.25 | D9: 164.23529 | E9: 154.8642
A10: Average Impressions | B10: 39444.434 | C10: 32993.276 | D10: 34095.985 | E10: 35871.198
E20: .

Sheet Task 5.2 & 5.3
A3: Avg Engagement Rate | B3: Campaign Period
A4: Campaign Name | B4: Before | C4: During | D4: Engagement Uplift/Downlift | E4: ROI
A5: CybertruckLaunch | B5: 0.18256403 | C5: 0.075350276 | D5: =(C5-B5)/B5 -> -0.58726658 | E5: =D5/150000 -> -3.9151105e-06
A6: FSDUpdate | B6: 0.14249938 | C6: 0.19036826 | D6: =(C6-B6)/B6 -> 0.33592339 | E6: =D6/250000 -> 1.3436936e-06
A7: ModelYCampaign | B7: 0.12612714 | C7: 0.15063545 | D7: =(C7-B7)/B7 -> 0.19431434 | E7: =D7/200000 -> 9.715717e-07
A8: SustainabilityDrive | B8: 0.13346381 | C8: 0.10884049 | D8: =(C8-B8)/B8 -> -0.18449434 | E8: =D8/180000 -> -1.0249686e-06

Sheet Task 5.4
A3: Campaign Name | B3: Sum of Net new follower
A4: SustainabilityDrive | B4: 16078
A5: CybertruckLaunch | B5: 13523
A6: ModelYCampaign | B6: 11092
A7: FSDUpdate | B7: 10087

Sheet Task 6.1 & 6.2
A3: week start date | B3: Net new followers
A4: 45446 | B4: 1047
A5: 45453 | B5: 517
A6: 45460 | B6: 893
A7: 45467 | B7: 629
A8: 45474 | B8: -219
A9: 45481 | B9: 1672
A10: 45488 | B10: 1845
A11: 45495 | B11: 159
A12: 45502 | B12: 541
A13: 45509 | B13: 352
A14: 45516 | B14: 1325
A15: 45523 | B15: 76
... A53: 45789 | B53: 1656
A54: Grand Total | B54: 48004

Sheet Task 6.3

Sheet Task 6.4

Sheet Video Link
H10: https://screenrec.com/share/hgQkHL5Vmt
